[     256ms] [VERBOSE] [DOM] Input elements should have autocomplete attributes (suggested: "current-password"): (More info: https://goo.gl/9p2vKq) %o @ http://localhost:3001/login:0
[     297ms] [INFO] %cDownload the React DevTools for a better development experience: https://react.dev/link/react-devtools font-weight:bold @ http://localhost:3001/_next/static/chunks/node_modules_next_dist_1ybzpk2._.js:2494
[     357ms] [LOG] [HMR] connected @ http://localhost:3001/_next/static/chunks/node_modules_next_dist_1ybzpk2._.js:2494
[     408ms] [WARNING] Image with src "http://localhost:3001/logo.svg" has either width or height modified, but not the other. If you use CSS to change the size of your image, also include the styles 'width: "auto"' or 'height: "auto"' to maintain the aspect ratio. @ http://localhost:3001/_next/static/chunks/node_modules_next_dist_1ybzpk2._.js:2494
[     500ms] [LOG] [Fast Refresh] rebuilding @ http://localhost:3001/_next/static/chunks/node_modules_next_dist_1ybzpk2._.js:2494
[     522ms] [LOG] [Fast Refresh] done in 121ms @ http://localhost:3001/_next/static/chunks/node_modules_next_dist_1ybzpk2._.js:2494
[    7925ms] [LOG] [Fast Refresh] rebuilding @ http://localhost:3001/_next/static/chunks/node_modules_next_dist_1ybzpk2._.js:2494
[    7969ms] [LOG] [Fast Refresh] done in 144ms @ http://localhost:3001/_next/static/chunks/node_modules_next_dist_1ybzpk2._.js:2494
[   11432ms] [LOG] [Fast Refresh] rebuilding @ http://localhost:3001/_next/static/chunks/node_modules_next_dist_1ybzpk2._.js:2494
[   11475ms] [LOG] [Fast Refresh] done in 143ms @ http://localhost:3001/_next/static/chunks/node_modules_next_dist_1ybzpk2._.js:2494
[   11999ms] [LOG] [Fast Refresh] rebuilding @ http://localhost:3001/_next/static/chunks/node_modules_next_dist_1ybzpk2._.js:2494
[   12035ms] [LOG] [Fast Refresh] done in 137ms @ http://localhost:3001/_next/static/chunks/node_modules_next_dist_1ybzpk2._.js:2494
[   16999ms] [LOG] [Fast Refresh] rebuilding @ http://localhost:3001/_next/static/chunks/node_modules_next_dist_1ybzpk2._.js:2494
[   17020ms] [LOG] [Fast Refresh] done in 121ms @ http://localhost:3001/_next/static/chunks/node_modules_next_dist_1ybzpk2._.js:2494
[   22000ms] [LOG] [Fast Refresh] rebuilding @ http://localhost:3001/_next/static/chunks/node_modules_next_dist_1ybzpk2._.js:2494
[   22023ms] [LOG] [Fast Refresh] done in 124ms @ http://localhost:3001/_next/static/chunks/node_modules_next_dist_1ybzpk2._.js:2494
[   27000ms] [LOG] [Fast Refresh] rebuilding @ http://localhost:3001/_next/static/chunks/node_modules_next_dist_1ybzpk2._.js:2494
[   27025ms] [LOG] [Fast Refresh] done in 125ms @ http://localhost:3001/_next/static/chunks/node_modules_next_dist_1ybzpk2._.js:2494
[   31999ms] [LOG] [Fast Refresh] rebuilding @ http://localhost:3001/_next/static/chunks/node_modules_next_dist_1ybzpk2._.js:2494
[   32024ms] [LOG] [Fast Refresh] done in 125ms @ http://localhost:3001/_next/static/chunks/node_modules_next_dist_1ybzpk2._.js:2494
[   36999ms] [LOG] [Fast Refresh] rebuilding @ http://localhost:3001/_next/static/chunks/node_modules_next_dist_1ybzpk2._.js:2494
[   37026ms] [LOG] [Fast Refresh] done in 127ms @ http://localhost:3001/_next/static/chunks/node_modules_next_dist_1ybzpk2._.js:2494
[   40713ms] [LOG] [Fast Refresh] rebuilding @ http://localhost:3001/_next/static/chunks/node_modules_next_dist_1ybzpk2._.js:2494
[   41330ms] [LOG] [Fast Refresh] done in 716ms @ http://localhost:3001/_next/static/chunks/node_modules_next_dist_1ybzpk2._.js:2494
[   42000ms] [LOG] [Fast Refresh] rebuilding @ http://localhost:3001/_next/static/chunks/node_modules_next_dist_1ybzpk2._.js:2494
[   42032ms] [LOG] [Fast Refresh] done in 132ms @ http://localhost:3001/_next/static/chunks/node_modules_next_dist_1ybzpk2._.js:2494
[   47000ms] [LOG] [Fast Refresh] rebuilding @ http://localhost:3001/_next/static/chunks/node_modules_next_dist_1ybzpk2._.js:2494
[   47030ms] [LOG] [Fast Refresh] done in 129ms @ http://localhost:3001/_next/static/chunks/node_modules_next_dist_1ybzpk2._.js:2494
[   51999ms] [LOG] [Fast Refresh] rebuilding @ http://localhost:3001/_next/static/chunks/node_modules_next_dist_1ybzpk2._.js:2494
[   52027ms] [LOG] [Fast Refresh] done in 127ms @ http://localhost:3001/_next/static/chunks/node_modules_next_dist_1ybzpk2._.js:2494
[   54369ms] [LOG] [Fast Refresh] rebuilding @ http://localhost:3001/_next/static/chunks/node_modules_next_dist_1ybzpk2._.js:2494
[   54395ms] [LOG] [Fast Refresh] done in 126ms @ http://localhost:3001/_next/static/chunks/node_modules_next_dist_1ybzpk2._.js:2494
[   62000ms] [LOG] [Fast Refresh] rebuilding @ http://localhost:3001/_next/static/chunks/node_modules_next_dist_1ybzpk2._.js:2494
[   62024ms] [LOG] [Fast Refresh] done in 125ms @ http://localhost:3001/_next/static/chunks/node_modules_next_dist_1ybzpk2._.js:2494
[   66731ms] [LOG] [Fast Refresh] rebuilding @ http://localhost:3001/_next/static/chunks/node_modules_next_dist_1ybzpk2._.js:2494
[   66764ms] [LOG] [Fast Refresh] done in 133ms @ http://localhost:3001/_next/static/chunks/node_modules_next_dist_1ybzpk2._.js:2494
[   66999ms] [LOG] [Fast Refresh] rebuilding @ http://localhost:3001/_next/static/chunks/node_modules_next_dist_1ybzpk2._.js:2494
[   67031ms] [LOG] [Fast Refresh] done in 132ms @ http://localhost:3001/_next/static/chunks/node_modules_next_dist_1ybzpk2._.js:2494
[   67642ms] [LOG] [Fast Refresh] rebuilding @ http://localhost:3001/_next/static/chunks/node_modules_next_dist_1ybzpk2._.js:2494
[   67710ms] [LOG] [Fast Refresh] done in 169ms @ http://localhost:3001/_next/static/chunks/node_modules_next_dist_1ybzpk2._.js:2494
[   68632ms] [LOG] [Fast Refresh] rebuilding @ http://localhost:3001/_next/static/chunks/node_modules_next_dist_1ybzpk2._.js:2494
[   68663ms] [LOG] [Fast Refresh] done in 131ms @ http://localhost:3001/_next/static/chunks/node_modules_next_dist_1ybzpk2._.js:2494
[   72002ms] [LOG] [Fast Refresh] rebuilding @ http://localhost:3001/_next/static/chunks/node_modules_next_dist_1ybzpk2._.js:2494
[   72030ms] [LOG] [Fast Refresh] done in 128ms @ http://localhost:3001/_next/static/chunks/node_modules_next_dist_1ybzpk2._.js:2494
[   86999ms] [LOG] [Fast Refresh] rebuilding @ http://localhost:3001/_next/static/chunks/node_modules_next_dist_1ybzpk2._.js:2494
[   87029ms] [LOG] [Fast Refresh] done in 130ms @ http://localhost:3001/_next/static/chunks/node_modules_next_dist_1ybzpk2._.js:2494
[   92000ms] [LOG] [Fast Refresh] rebuilding @ http://localhost:3001/_next/static/chunks/node_modules_next_dist_1ybzpk2._.js:2494
[   92032ms] [LOG] [Fast Refresh] done in 133ms @ http://localhost:3001/_next/static/chunks/node_modules_next_dist_1ybzpk2._.js:2494
[   97001ms] [LOG] [Fast Refresh] rebuilding @ http://localhost:3001/_next/static/chunks/node_modules_next_dist_1ybzpk2._.js:2494
[   97034ms] [LOG] [Fast Refresh] done in 133ms @ http://localhost:3001/_next/static/chunks/node_modules_next_dist_1ybzpk2._.js:2494
[  102001ms] [LOG] [Fast Refresh] rebuilding @ http://localhost:3001/_next/static/chunks/node_modules_next_dist_1ybzpk2._.js:2494
[  102029ms] [LOG] [Fast Refresh] done in 128ms @ http://localhost:3001/_next/static/chunks/node_modules_next_dist_1ybzpk2._.js:2494
[  106999ms] [LOG] [Fast Refresh] rebuilding @ http://localhost:3001/_next/static/chunks/node_modules_next_dist_1ybzpk2._.js:2494
[  107030ms] [LOG] [Fast Refresh] done in 132ms @ http://localhost:3001/_next/static/chunks/node_modules_next_dist_1ybzpk2._.js:2494
[  122002ms] [LOG] [Fast Refresh] rebuilding @ http://localhost:3001/_next/static/chunks/node_modules_next_dist_1ybzpk2._.js:2494
[  122028ms] [LOG] [Fast Refresh] done in 126ms @ http://localhost:3001/_next/static/chunks/node_modules_next_dist_1ybzpk2._.js:2494
[  127001ms] [LOG] [Fast Refresh] rebuilding @ http://localhost:3001/_next/static/chunks/node_modules_next_dist_1ybzpk2._.js:2494
[  127026ms] [LOG] [Fast Refresh] done in 125ms @ http://localhost:3001/_next/static/chunks/node_modules_next_dist_1ybzpk2._.js:2494
[  132002ms] [LOG] [Fast Refresh] rebuilding @ http://localhost:3001/_next/static/chunks/node_modules_next_dist_1ybzpk2._.js:2494
[  132033ms] [LOG] [Fast Refresh] done in 131ms @ http://localhost:3001/_next/static/chunks/node_modules_next_dist_1ybzpk2._.js:2494
[  142226ms] [LOG] [Fast Refresh] rebuilding @ http://localhost:3001/_next/static/chunks/node_modules_next_dist_1ybzpk2._.js:2494
[  142255ms] [LOG] [Fast Refresh] done in 129ms @ http://localhost:3001/_next/static/chunks/node_modules_next_dist_1ybzpk2._.js:2494
[  147222ms] [LOG] [Fast Refresh] rebuilding @ http://localhost:3001/_next/static/chunks/node_modules_next_dist_1ybzpk2._.js:2494
[  147254ms] [LOG] [Fast Refresh] done in 131ms @ http://localhost:3001/_next/static/chunks/node_modules_next_dist_1ybzpk2._.js:2494
[  152224ms] [LOG] [Fast Refresh] rebuilding @ http://localhost:3001/_next/static/chunks/node_modules_next_dist_1ybzpk2._.js:2494
[  152259ms] [LOG] [Fast Refresh] done in 135ms @ http://localhost:3001/_next/static/chunks/node_modules_next_dist_1ybzpk2._.js:2494
[  157224ms] [LOG] [Fast Refresh] rebuilding @ http://localhost:3001/_next/static/chunks/node_modules_next_dist_1ybzpk2._.js:2494
[  157254ms] [LOG] [Fast Refresh] done in 130ms @ http://localhost:3001/_next/static/chunks/node_modules_next_dist_1ybzpk2._.js:2494
[  162226ms] [LOG] [Fast Refresh] rebuilding @ http://localhost:3001/_next/static/chunks/node_modules_next_dist_1ybzpk2._.js:2494
[  162252ms] [LOG] [Fast Refresh] done in 126ms @ http://localhost:3001/_next/static/chunks/node_modules_next_dist_1ybzpk2._.js:2494
[  167225ms] [LOG] [Fast Refresh] rebuilding @ http://localhost:3001/_next/static/chunks/node_modules_next_dist_1ybzpk2._.js:2494
[  167252ms] [LOG] [Fast Refresh] done in 127ms @ http://localhost:3001/_next/static/chunks/node_modules_next_dist_1ybzpk2._.js:2494
[  172225ms] [LOG] [Fast Refresh] rebuilding @ http://localhost:3001/_next/static/chunks/node_modules_next_dist_1ybzpk2._.js:2494
[  172253ms] [LOG] [Fast Refresh] done in 129ms @ http://localhost:3001/_next/static/chunks/node_modules_next_dist_1ybzpk2._.js:2494
[  176105ms] [LOG] [Fast Refresh] rebuilding @ http://localhost:3001/_next/static/chunks/node_modules_next_dist_1ybzpk2._.js:2494
[  176402ms] [LOG] [Fast Refresh] done in 366ms @ http://localhost:3001/_next/static/chunks/node_modules_next_dist_1ybzpk2._.js:2494
[  176848ms] [LOG] [Fast Refresh] rebuilding @ http://localhost:3001/_next/static/chunks/node_modules_next_dist_1ybzpk2._.js:2494
[  177240ms] [LOG] [Fast Refresh] done in 493ms @ http://localhost:3001/_next/static/chunks/node_modules_next_dist_1ybzpk2._.js:2494
[  177365ms] [LOG] [Fast Refresh] rebuilding @ http://localhost:3001/_next/static/chunks/node_modules_next_dist_1ybzpk2._.js:2494
[  177456ms] [LOG] [Fast Refresh] done in 190ms @ http://localhost:3001/_next/static/chunks/node_modules_next_dist_1ybzpk2._.js:2494
[  177588ms] [LOG] [Fast Refresh] rebuilding @ http://localhost:3001/_next/static/chunks/node_modules_next_dist_1ybzpk2._.js:2494
[  177670ms] [LOG] [Fast Refresh] done in 182ms @ http://localhost:3001/_next/static/chunks/node_modules_next_dist_1ybzpk2._.js:2494
[  177778ms] [LOG] [Fast Refresh] rebuilding @ http://localhost:3001/_next/static/chunks/node_modules_next_dist_1ybzpk2._.js:2494
[  177843ms] [LOG] [Fast Refresh] done in 165ms @ http://localhost:3001/_next/static/chunks/node_modules_next_dist_1ybzpk2._.js:2494
[  178145ms] [LOG] [Fast Refresh] rebuilding @ http://localhost:3001/_next/static/chunks/node_modules_next_dist_1ybzpk2._.js:2494
[  178168ms] [LOG] [Fast Refresh] done in 123ms @ http://localhost:3001/_next/static/chunks/node_modules_next_dist_1ybzpk2._.js:2494
[  178399ms] [LOG] [Fast Refresh] rebuilding @ http://localhost:3001/_next/static/chunks/node_modules_next_dist_1ybzpk2._.js:2494
[  178475ms] [LOG] [Fast Refresh] done in 176ms @ http://localhost:3001/_next/static/chunks/node_modules_next_dist_1ybzpk2._.js:2494
[  178671ms] [LOG] [Fast Refresh] rebuilding @ http://localhost:3001/_next/static/chunks/node_modules_next_dist_1ybzpk2._.js:2494
[  178802ms] [LOG] [Fast Refresh] done in 230ms @ http://localhost:3001/_next/static/chunks/node_modules_next_dist_1ybzpk2._.js:2494
[  178920ms] [LOG] [Fast Refresh] rebuilding @ http://localhost:3001/_next/static/chunks/node_modules_next_dist_1ybzpk2._.js:2494
[  179023ms] [LOG] [Fast Refresh] done in 202ms @ http://localhost:3001/_next/static/chunks/node_modules_next_dist_1ybzpk2._.js:2494
[  179164ms] [LOG] [Fast Refresh] rebuilding @ http://localhost:3001/_next/static/chunks/node_modules_next_dist_1ybzpk2._.js:2494
[  179175ms] [LOG] [Fast Refresh] done in 111ms @ http://localhost:3001/_next/static/chunks/node_modules_next_dist_1ybzpk2._.js:2494
[  179299ms] [LOG] [Fast Refresh] rebuilding @ http://localhost:3001/_next/static/chunks/node_modules_next_dist_1ybzpk2._.js:2494
[  179367ms] [LOG] [Fast Refresh] done in 169ms @ http://localhost:3001/_next/static/chunks/node_modules_next_dist_1ybzpk2._.js:2494
[  179565ms] [LOG] [Fast Refresh] rebuilding @ http://localhost:3001/_next/static/chunks/node_modules_next_dist_1ybzpk2._.js:2494
[  179696ms] [LOG] [Fast Refresh] done in 231ms @ http://localhost:3001/_next/static/chunks/node_modules_next_dist_1ybzpk2._.js:2494
[  179974ms] [LOG] [Fast Refresh] rebuilding @ http://localhost:3001/_next/static/chunks/node_modules_next_dist_1ybzpk2._.js:2494
[  179982ms] [LOG] [Fast Refresh] done in 115ms @ http://localhost:3001/_next/static/chunks/node_modules_next_dist_1ybzpk2._.js:2494
[  180212ms] [LOG] [Fast Refresh] rebuilding @ http://localhost:3001/_next/static/chunks/node_modules_next_dist_1ybzpk2._.js:2494
[  180431ms] [LOG] [Fast Refresh] done in 318ms @ http://localhost:3001/_next/static/chunks/node_modules_next_dist_1ybzpk2._.js:2494
[  180799ms] [LOG] [Fast Refresh] rebuilding @ http://localhost:3001/_next/static/chunks/node_modules_next_dist_1ybzpk2._.js:2494
[  180805ms] [LOG] [Fast Refresh] done in 106ms @ http://localhost:3001/_next/static/chunks/node_modules_next_dist_1ybzpk2._.js:2494
[  180987ms] [LOG] [Fast Refresh] rebuilding @ http://localhost:3001/_next/static/chunks/node_modules_next_dist_1ybzpk2._.js:2494
[  181054ms] [LOG] [Fast Refresh] done in 167ms @ http://localhost:3001/_next/static/chunks/node_modules_next_dist_1ybzpk2._.js:2494
[  181159ms] [LOG] [Fast Refresh] rebuilding @ http://localhost:3001/_next/static/chunks/node_modules_next_dist_1ybzpk2._.js:2494
[  181287ms] [LOG] [Fast Refresh] done in 229ms @ http://localhost:3001/_next/static/chunks/node_modules_next_dist_1ybzpk2._.js:2494
[  181464ms] [LOG] [Fast Refresh] rebuilding @ http://localhost:3001/_next/static/chunks/node_modules_next_dist_1ybzpk2._.js:2494
[  181662ms] [LOG] [Fast Refresh] done in 300ms @ http://localhost:3001/_next/static/chunks/node_modules_next_dist_1ybzpk2._.js:2494
[  181944ms] [LOG] [Fast Refresh] rebuilding @ http://localhost:3001/_next/static/chunks/node_modules_next_dist_1ybzpk2._.js:2494
[  181954ms] [LOG] [Fast Refresh] done in 110ms @ http://localhost:3001/_next/static/chunks/node_modules_next_dist_1ybzpk2._.js:2494
[  182069ms] [LOG] [Fast Refresh] rebuilding @ http://localhost:3001/_next/static/chunks/node_modules_next_dist_1ybzpk2._.js:2494
[  182258ms] [LOG] [Fast Refresh] done in 290ms @ http://localhost:3001/_next/static/chunks/node_modules_next_dist_1ybzpk2._.js:2494
[  182402ms] [LOG] [Fast Refresh] rebuilding @ http://localhost:3001/_next/static/chunks/node_modules_next_dist_1ybzpk2._.js:2494
[  182436ms] [LOG] [Fast Refresh] done in 134ms @ http://localhost:3001/_next/static/chunks/node_modules_next_dist_1ybzpk2._.js:2494
[  182808ms] [LOG] [Fast Refresh] rebuilding @ http://localhost:3001/_next/static/chunks/node_modules_next_dist_1ybzpk2._.js:2494
[  182922ms] [LOG] [Fast Refresh] done in 215ms @ http://localhost:3001/_next/static/chunks/node_modules_next_dist_1ybzpk2._.js:2494
[  183459ms] [LOG] [Fast Refresh] rebuilding @ http://localhost:3001/_next/static/chunks/node_modules_next_dist_1ybzpk2._.js:2494
[  183543ms] [LOG] [Fast Refresh] done in 184ms @ http://localhost:3001/_next/static/chunks/node_modules_next_dist_1ybzpk2._.js:2494
[  184009ms] [LOG] [Fast Refresh] rebuilding @ http://localhost:3001/_next/static/chunks/node_modules_next_dist_1ybzpk2._.js:2494
[  184041ms] [LOG] [Fast Refresh] done in 132ms @ http://localhost:3001/_next/static/chunks/node_modules_next_dist_1ybzpk2._.js:2494
[  184149ms] [LOG] [Fast Refresh] rebuilding @ http://localhost:3001/_next/static/chunks/node_modules_next_dist_1ybzpk2._.js:2494
[  184290ms] [LOG] [Fast Refresh] done in 242ms @ http://localhost:3001/_next/static/chunks/node_modules_next_dist_1ybzpk2._.js:2494
[  184311ms] [LOG] [Fast Refresh] rebuilding @ http://localhost:3001/_next/static/chunks/node_modules_next_dist_1ybzpk2._.js:2494
[  184321ms] [LOG] [Fast Refresh] done in 25ms @ http://localhost:3001/_next/static/chunks/node_modules_next_dist_1ybzpk2._.js:2494
[  184746ms] [LOG] [Fast Refresh] rebuilding @ http://localhost:3001/_next/static/chunks/node_modules_next_dist_1ybzpk2._.js:2494
[  184945ms] [LOG] [Fast Refresh] done in 298ms @ http://localhost:3001/_next/static/chunks/node_modules_next_dist_1ybzpk2._.js:2494
[  185225ms] [LOG] [Fast Refresh] rebuilding @ http://localhost:3001/_next/static/chunks/node_modules_next_dist_1ybzpk2._.js:2494
[  185294ms] [LOG] [Fast Refresh] done in 168ms @ http://localhost:3001/_next/static/chunks/node_modules_next_dist_1ybzpk2._.js:2494
[  185500ms] [LOG] [Fast Refresh] rebuilding @ http://localhost:3001/_next/static/chunks/node_modules_next_dist_1ybzpk2._.js:2494
[  185621ms] [LOG] [Fast Refresh] done in 220ms @ http://localhost:3001/_next/static/chunks/node_modules_next_dist_1ybzpk2._.js:2494
[  185738ms] [LOG] [Fast Refresh] rebuilding @ http://localhost:3001/_next/static/chunks/node_modules_next_dist_1ybzpk2._.js:2494
[  185752ms] [LOG] [Fast Refresh] done in 115ms @ http://localhost:3001/_next/static/chunks/node_modules_next_dist_1ybzpk2._.js:2494
[  185865ms] [LOG] [Fast Refresh] rebuilding @ http://localhost:3001/_next/static/chunks/node_modules_next_dist_1ybzpk2._.js:2494
[  185880ms] [LOG] [Fast Refresh] done in 114ms @ http://localhost:3001/_next/static/chunks/node_modules_next_dist_1ybzpk2._.js:2494
[  186146ms] [LOG] [Fast Refresh] rebuilding @ http://localhost:3001/_next/static/chunks/node_modules_next_dist_1ybzpk2._.js:2494
[  186255ms] [LOG] [Fast Refresh] done in 208ms @ http://localhost:3001/_next/static/chunks/node_modules_next_dist_1ybzpk2._.js:2494
[  186364ms] [LOG] [Fast Refresh] rebuilding @ http://localhost:3001/_next/static/chunks/node_modules_next_dist_1ybzpk2._.js:2494
[  186366ms] [LOG] [Fast Refresh] done in 101ms @ http://localhost:3001/_next/static/chunks/node_modules_next_dist_1ybzpk2._.js:2494
[  186545ms] [LOG] [Fast Refresh] rebuilding @ http://localhost:3001/_next/static/chunks/node_modules_next_dist_1ybzpk2._.js:2494
[  186668ms] [LOG] [Fast Refresh] done in 223ms @ http://localhost:3001/_next/static/chunks/node_modules_next_dist_1ybzpk2._.js:2494
[  186793ms] [LOG] [Fast Refresh] rebuilding @ http://localhost:3001/_next/static/chunks/node_modules_next_dist_1ybzpk2._.js:2494
[  186911ms] [LOG] [Fast Refresh] done in 218ms @ http://localhost:3001/_next/static/chunks/node_modules_next_dist_1ybzpk2._.js:2494
[  187131ms] [LOG] [Fast Refresh] rebuilding @ http://localhost:3001/_next/static/chunks/node_modules_next_dist_1ybzpk2._.js:2494
[  187187ms] [LOG] [Fast Refresh] done in 155ms @ http://localhost:3001/_next/static/chunks/node_modules_next_dist_1ybzpk2._.js:2494
[  187308ms] [LOG] [Fast Refresh] rebuilding @ http://localhost:3001/_next/static/chunks/node_modules_next_dist_1ybzpk2._.js:2494
[  187345ms] [LOG] [Fast Refresh] done in 137ms @ http://localhost:3001/_next/static/chunks/node_modules_next_dist_1ybzpk2._.js:2494
[  187495ms] [LOG] [Fast Refresh] rebuilding @ http://localhost:3001/_next/static/chunks/node_modules_next_dist_1ybzpk2._.js:2494
[  187579ms] [LOG] [Fast Refresh] done in 184ms @ http://localhost:3001/_next/static/chunks/node_modules_next_dist_1ybzpk2._.js:2494
[  187712ms] [LOG] [Fast Refresh] rebuilding @ http://localhost:3001/_next/static/chunks/node_modules_next_dist_1ybzpk2._.js:2494
[  187716ms] [LOG] [Fast Refresh] done in 104ms @ http://localhost:3001/_next/static/chunks/node_modules_next_dist_1ybzpk2._.js:2494
[  187925ms] [LOG] [Fast Refresh] rebuilding @ http://localhost:3001/_next/static/chunks/node_modules_next_dist_1ybzpk2._.js:2494
[  187934ms] [LOG] [Fast Refresh] done in 109ms @ http://localhost:3001/_next/static/chunks/node_modules_next_dist_1ybzpk2._.js:2494
[  188112ms] [LOG] [Fast Refresh] rebuilding @ http://localhost:3001/_next/static/chunks/node_modules_next_dist_1ybzpk2._.js:2494
[  188200ms] [LOG] [Fast Refresh] done in 187ms @ http://localhost:3001/_next/static/chunks/node_modules_next_dist_1ybzpk2._.js:2494
[  188566ms] [LOG] [Fast Refresh] rebuilding @ http://localhost:3001/_next/static/chunks/node_modules_next_dist_1ybzpk2._.js:2494
[  188567ms] [LOG] [Fast Refresh] done in 100ms @ http://localhost:3001/_next/static/chunks/node_modules_next_dist_1ybzpk2._.js:2494
[  188754ms] [LOG] [Fast Refresh] rebuilding @ http://localhost:3001/_next/static/chunks/node_modules_next_dist_1ybzpk2._.js:2494
[  188822ms] [LOG] [Fast Refresh] done in 167ms @ http://localhost:3001/_next/static/chunks/node_modules_next_dist_1ybzpk2._.js:2494
[  189152ms] [LOG] [Fast Refresh] rebuilding @ http://localhost:3001/_next/static/chunks/node_modules_next_dist_1ybzpk2._.js:2494
[  189213ms] [LOG] [Fast Refresh] done in 161ms @ http://localhost:3001/_next/static/chunks/node_modules_next_dist_1ybzpk2._.js:2494
[  189333ms] [LOG] [Fast Refresh] rebuilding @ http://localhost:3001/_next/static/chunks/node_modules_next_dist_1ybzpk2._.js:2494
[  189450ms] [LOG] [Fast Refresh] done in 217ms @ http://localhost:3001/_next/static/chunks/node_modules_next_dist_1ybzpk2._.js:2494
[  189629ms] [LOG] [Fast Refresh] rebuilding @ http://localhost:3001/_next/static/chunks/node_modules_next_dist_1ybzpk2._.js:2494
[  189700ms] [LOG] [Fast Refresh] done in 171ms @ http://localhost:3001/_next/static/chunks/node_modules_next_dist_1ybzpk2._.js:2494
[  189896ms] [LOG] [Fast Refresh] rebuilding @ http://localhost:3001/_next/static/chunks/node_modules_next_dist_1ybzpk2._.js:2494
[  190082ms] [LOG] [Fast Refresh] done in 287ms @ http://localhost:3001/_next/static/chunks/node_modules_next_dist_1ybzpk2._.js:2494
[  190222ms] [LOG] [Fast Refresh] rebuilding @ http://localhost:3001/_next/static/chunks/node_modules_next_dist_1ybzpk2._.js:2494
[  190260ms] [LOG] [Fast Refresh] done in 138ms @ http://localhost:3001/_next/static/chunks/node_modules_next_dist_1ybzpk2._.js:2494
[  190366ms] [LOG] [Fast Refresh] rebuilding @ http://localhost:3001/_next/static/chunks/node_modules_next_dist_1ybzpk2._.js:2494
[  190459ms] [LOG] [Fast Refresh] done in 193ms @ http://localhost:3001/_next/static/chunks/node_modules_next_dist_1ybzpk2._.js:2494
[  190569ms] [LOG] [Fast Refresh] rebuilding @ http://localhost:3001/_next/static/chunks/node_modules_next_dist_1ybzpk2._.js:2494
[  190762ms] [LOG] [Fast Refresh] done in 294ms @ http://localhost:3001/_next/static/chunks/node_modules_next_dist_1ybzpk2._.js:2494
[  190866ms] [LOG] [Fast Refresh] rebuilding @ http://localhost:3001/_next/static/chunks/node_modules_next_dist_1ybzpk2._.js:2494
[  190966ms] [LOG] [Fast Refresh] done in 200ms @ http://localhost:3001/_next/static/chunks/node_modules_next_dist_1ybzpk2._.js:2494
[  191288ms] [LOG] [Fast Refresh] rebuilding @ http://localhost:3001/_next/static/chunks/node_modules_next_dist_1ybzpk2._.js:2494
[  191400ms] [LOG] [Fast Refresh] done in 213ms @ http://localhost:3001/_next/static/chunks/node_modules_next_dist_1ybzpk2._.js:2494
[  191623ms] [LOG] [Fast Refresh] rebuilding @ http://localhost:3001/_next/static/chunks/node_modules_next_dist_1ybzpk2._.js:2494
[  191696ms] [LOG] [Fast Refresh] done in 173ms @ http://localhost:3001/_next/static/chunks/node_modules_next_dist_1ybzpk2._.js:2494
[  191802ms] [LOG] [Fast Refresh] rebuilding @ http://localhost:3001/_next/static/chunks/node_modules_next_dist_1ybzpk2._.js:2494
[  191811ms] [LOG] [Fast Refresh] done in 112ms @ http://localhost:3001/_next/static/chunks/node_modules_next_dist_1ybzpk2._.js:2494
[  191976ms] [LOG] [Fast Refresh] rebuilding @ http://localhost:3001/_next/static/chunks/node_modules_next_dist_1ybzpk2._.js:2494
[  192070ms] [LOG] [Fast Refresh] done in 194ms @ http://localhost:3001/_next/static/chunks/node_modules_next_dist_1ybzpk2._.js:2494
[  192184ms] [LOG] [Fast Refresh] rebuilding @ http://localhost:3001/_next/static/chunks/node_modules_next_dist_1ybzpk2._.js:2494
[  192209ms] [LOG] [Fast Refresh] done in 125ms @ http://localhost:3001/_next/static/chunks/node_modules_next_dist_1ybzpk2._.js:2494
[  192320ms] [LOG] [Fast Refresh] rebuilding @ http://localhost:3001/_next/static/chunks/node_modules_next_dist_1ybzpk2._.js:2494
[  192452ms] [LOG] [Fast Refresh] done in 232ms @ http://localhost:3001/_next/static/chunks/node_modules_next_dist_1ybzpk2._.js:2494
[  192575ms] [LOG] [Fast Refresh] rebuilding @ http://localhost:3001/_next/static/chunks/node_modules_next_dist_1ybzpk2._.js:2494
[  192715ms] [LOG] [Fast Refresh] done in 240ms @ http://localhost:3001/_next/static/chunks/node_modules_next_dist_1ybzpk2._.js:2494
[  192849ms] [LOG] [Fast Refresh] rebuilding @ http://localhost:3001/_next/static/chunks/node_modules_next_dist_1ybzpk2._.js:2494
[  192927ms] [LOG] [Fast Refresh] done in 178ms @ http://localhost:3001/_next/static/chunks/node_modules_next_dist_1ybzpk2._.js:2494
[  193075ms] [LOG] [Fast Refresh] rebuilding @ http://localhost:3001/_next/static/chunks/node_modules_next_dist_1ybzpk2._.js:2494
[  193095ms] [LOG] [Fast Refresh] done in 120ms @ http://localhost:3001/_next/static/chunks/node_modules_next_dist_1ybzpk2._.js:2494
[  193268ms] [LOG] [Fast Refresh] rebuilding @ http://localhost:3001/_next/static/chunks/node_modules_next_dist_1ybzpk2._.js:2494
[  193468ms] [LOG] [Fast Refresh] done in 300ms @ http://localhost:3001/_next/static/chunks/node_modules_next_dist_1ybzpk2._.js:2494
[  193683ms] [LOG] [Fast Refresh] rebuilding @ http://localhost:3001/_next/static/chunks/node_modules_next_dist_1ybzpk2._.js:2494
[  193697ms] [LOG] [Fast Refresh] done in 114ms @ http://localhost:3001/_next/static/chunks/node_modules_next_dist_1ybzpk2._.js:2494
[  194021ms] [LOG] [Fast Refresh] rebuilding @ http://localhost:3001/_next/static/chunks/node_modules_next_dist_1ybzpk2._.js:2494
[  194106ms] [LOG] [Fast Refresh] done in 184ms @ http://localhost:3001/_next/static/chunks/node_modules_next_dist_1ybzpk2._.js:2494
[  194238ms] [LOG] [Fast Refresh] rebuilding @ http://localhost:3001/_next/static/chunks/node_modules_next_dist_1ybzpk2._.js:2494
[  194340ms] [LOG] [Fast Refresh] done in 202ms @ http://localhost:3001/_next/static/chunks/node_modules_next_dist_1ybzpk2._.js:2494
[  194639ms] [LOG] [Fast Refresh] rebuilding @ http://localhost:3001/_next/static/chunks/node_modules_next_dist_1ybzpk2._.js:2494
[  194721ms] [LOG] [Fast Refresh] done in 182ms @ http://localhost:3001/_next/static/chunks/node_modules_next_dist_1ybzpk2._.js:2494
[  194923ms] [LOG] [Fast Refresh] rebuilding @ http://localhost:3001/_next/static/chunks/node_modules_next_dist_1ybzpk2._.js:2494
[  195093ms] [LOG] [Fast Refresh] done in 270ms @ http://localhost:3001/_next/static/chunks/node_modules_next_dist_1ybzpk2._.js:2494
[  195272ms] [LOG] [Fast Refresh] rebuilding @ http://localhost:3001/_next/static/chunks/node_modules_next_dist_1ybzpk2._.js:2494
[  195427ms] [LOG] [Fast Refresh] done in 255ms @ http://localhost:3001/_next/static/chunks/node_modules_next_dist_1ybzpk2._.js:2494
[  195686ms] [LOG] [Fast Refresh] rebuilding @ http://localhost:3001/_next/static/chunks/node_modules_next_dist_1ybzpk2._.js:2494
[  196074ms] [LOG] [Fast Refresh] done in 488ms @ http://localhost:3001/_next/static/chunks/node_modules_next_dist_1ybzpk2._.js:2494
[  196179ms] [LOG] [Fast Refresh] rebuilding @ http://localhost:3001/_next/static/chunks/node_modules_next_dist_1ybzpk2._.js:2494
[  196259ms] [LOG] [Fast Refresh] done in 180ms @ http://localhost:3001/_next/static/chunks/node_modules_next_dist_1ybzpk2._.js:2494
[  196557ms] [LOG] [Fast Refresh] rebuilding @ http://localhost:3001/_next/static/chunks/node_modules_next_dist_1ybzpk2._.js:2494
[  196701ms] [LOG] [Fast Refresh] done in 244ms @ http://localhost:3001/_next/static/chunks/node_modules_next_dist_1ybzpk2._.js:2494
[  196883ms] [LOG] [Fast Refresh] rebuilding @ http://localhost:3001/_next/static/chunks/node_modules_next_dist_1ybzpk2._.js:2494
[  196911ms] [LOG] [Fast Refresh] done in 127ms @ http://localhost:3001/_next/static/chunks/node_modules_next_dist_1ybzpk2._.js:2494
[  197212ms] [LOG] [Fast Refresh] rebuilding @ http://localhost:3001/_next/static/chunks/node_modules_next_dist_1ybzpk2._.js:2494
[  197288ms] [LOG] [Fast Refresh] done in 176ms @ http://localhost:3001/_next/static/chunks/node_modules_next_dist_1ybzpk2._.js:2494
[  197393ms] [LOG] [Fast Refresh] rebuilding @ http://localhost:3001/_next/static/chunks/node_modules_next_dist_1ybzpk2._.js:2494
[  197511ms] [LOG] [Fast Refresh] done in 218ms @ http://localhost:3001/_next/static/chunks/node_modules_next_dist_1ybzpk2._.js:2494
[  197654ms] [LOG] [Fast Refresh] rebuilding @ http://localhost:3001/_next/static/chunks/node_modules_next_dist_1ybzpk2._.js:2494
[  197658ms] [LOG] [Fast Refresh] done in 104ms @ http://localhost:3001/_next/static/chunks/node_modules_next_dist_1ybzpk2._.js:2494
[  197837ms] [LOG] [Fast Refresh] rebuilding @ http://localhost:3001/_next/static/chunks/node_modules_next_dist_1ybzpk2._.js:2494
[  197981ms] [LOG] [Fast Refresh] done in 244ms @ http://localhost:3001/_next/static/chunks/node_modules_next_dist_1ybzpk2._.js:2494
[  198124ms] [LOG] [Fast Refresh] rebuilding @ http://localhost:3001/_next/static/chunks/node_modules_next_dist_1ybzpk2._.js:2494
[  198131ms] [LOG] [Fast Refresh] done in 108ms @ http://localhost:3001/_next/static/chunks/node_modules_next_dist_1ybzpk2._.js:2494
[  198381ms] [LOG] [Fast Refresh] rebuilding @ http://localhost:3001/_next/static/chunks/node_modules_next_dist_1ybzpk2._.js:2494
[  198393ms] [LOG] [Fast Refresh] done in 112ms @ http://localhost:3001/_next/static/chunks/node_modules_next_dist_1ybzpk2._.js:2494
[  198513ms] [LOG] [Fast Refresh] rebuilding @ http://localhost:3001/_next/static/chunks/node_modules_next_dist_1ybzpk2._.js:2494
[  198575ms] [LOG] [Fast Refresh] done in 162ms @ http://localhost:3001/_next/static/chunks/node_modules_next_dist_1ybzpk2._.js:2494
[  198793ms] [LOG] [Fast Refresh] rebuilding @ http://localhost:3001/_next/static/chunks/node_modules_next_dist_1ybzpk2._.js:2494
[  198793ms] [LOG] [Fast Refresh] done in 100ms @ http://localhost:3001/_next/static/chunks/node_modules_next_dist_1ybzpk2._.js:2494
[  198908ms] [LOG] [Fast Refresh] rebuilding @ http://localhost:3001/_next/static/chunks/node_modules_next_dist_1ybzpk2._.js:2494
[  199195ms] [LOG] [Fast Refresh] done in 386ms @ http://localhost:3001/_next/static/chunks/node_modules_next_dist_1ybzpk2._.js:2494
[  199558ms] [LOG] [Fast Refresh] rebuilding @ http://localhost:3001/_next/static/chunks/node_modules_next_dist_1ybzpk2._.js:2494
[  199562ms] [LOG] [Fast Refresh] done in 104ms @ http://localhost:3001/_next/static/chunks/node_modules_next_dist_1ybzpk2._.js:2494
[  199838ms] [LOG] [Fast Refresh] rebuilding @ http://localhost:3001/_next/static/chunks/node_modules_next_dist_1ybzpk2._.js:2494
[  199910ms] [LOG] [Fast Refresh] done in 171ms @ http://localhost:3001/_next/static/chunks/node_modules_next_dist_1ybzpk2._.js:2494
[  200446ms] [LOG] [Fast Refresh] rebuilding @ http://localhost:3001/_next/static/chunks/node_modules_next_dist_1ybzpk2._.js:2494
[  200495ms] [LOG] [Fast Refresh] done in 150ms @ http://localhost:3001/_next/static/chunks/node_modules_next_dist_1ybzpk2._.js:2494
[  201008ms] [LOG] [Fast Refresh] rebuilding @ http://localhost:3001/_next/static/chunks/node_modules_next_dist_1ybzpk2._.js:2494
[  201058ms] [LOG] [Fast Refresh] done in 149ms @ http://localhost:3001/_next/static/chunks/node_modules_next_dist_1ybzpk2._.js:2494
[  201603ms] [LOG] [Fast Refresh] rebuilding @ http://localhost:3001/_next/static/chunks/node_modules_next_dist_1ybzpk2._.js:2494
[  201656ms] [LOG] [Fast Refresh] done in 152ms @ http://localhost:3001/_next/static/chunks/node_modules_next_dist_1ybzpk2._.js:2494
[  202243ms] [LOG] [Fast Refresh] rebuilding @ http://localhost:3001/_next/static/chunks/node_modules_next_dist_1ybzpk2._.js:2494
[  202296ms] [LOG] [Fast Refresh] done in 152ms @ http://localhost:3001/_next/static/chunks/node_modules_next_dist_1ybzpk2._.js:2494
[  202837ms] [LOG] [Fast Refresh] rebuilding @ http://localhost:3001/_next/static/chunks/node_modules_next_dist_1ybzpk2._.js:2494
[  202892ms] [LOG] [Fast Refresh] done in 156ms @ http://localhost:3001/_next/static/chunks/node_modules_next_dist_1ybzpk2._.js:2494
[  203448ms] [LOG] [Fast Refresh] rebuilding @ http://localhost:3001/_next/static/chunks/node_modules_next_dist_1ybzpk2._.js:2494
[  203503ms] [LOG] [Fast Refresh] done in 156ms @ http://localhost:3001/_next/static/chunks/node_modules_next_dist_1ybzpk2._.js:2494
[  204038ms] [LOG] [Fast Refresh] rebuilding @ http://localhost:3001/_next/static/chunks/node_modules_next_dist_1ybzpk2._.js:2494
[  204091ms] [LOG] [Fast Refresh] done in 153ms @ http://localhost:3001/_next/static/chunks/node_modules_next_dist_1ybzpk2._.js:2494
[  204702ms] [LOG] [Fast Refresh] rebuilding @ http://localhost:3001/_next/static/chunks/node_modules_next_dist_1ybzpk2._.js:2494
[  204751ms] [LOG] [Fast Refresh] done in 150ms @ http://localhost:3001/_next/static/chunks/node_modules_next_dist_1ybzpk2._.js:2494
[  205289ms] [LOG] [Fast Refresh] rebuilding @ http://localhost:3001/_next/static/chunks/node_modules_next_dist_1ybzpk2._.js:2494
[  205341ms] [LOG] [Fast Refresh] done in 151ms @ http://localhost:3001/_next/static/chunks/node_modules_next_dist_1ybzpk2._.js:2494
[  205894ms] [LOG] [Fast Refresh] rebuilding @ http://localhost:3001/_next/static/chunks/node_modules_next_dist_1ybzpk2._.js:2494
[  205964ms] [LOG] [Fast Refresh] done in 171ms @ http://localhost:3001/_next/static/chunks/node_modules_next_dist_1ybzpk2._.js:2494
[  207072ms] [LOG] [Fast Refresh] rebuilding @ http://localhost:3001/_next/static/chunks/node_modules_next_dist_1ybzpk2._.js:2494
[  207126ms] [LOG] [Fast Refresh] done in 155ms @ http://localhost:3001/_next/static/chunks/node_modules_next_dist_1ybzpk2._.js:2494
[  208266ms] [LOG] [Fast Refresh] rebuilding @ http://localhost:3001/_next/static/chunks/node_modules_next_dist_1ybzpk2._.js:2494
[  208305ms] [LOG] [Fast Refresh] done in 139ms @ http://localhost:3001/_next/static/chunks/node_modules_next_dist_1ybzpk2._.js:2494
[  208464ms] [LOG] [Fast Refresh] rebuilding @ http://localhost:3001/_next/static/chunks/node_modules_next_dist_1ybzpk2._.js:2494
[  208519ms] [LOG] [Fast Refresh] done in 155ms @ http://localhost:3001/_next/static/chunks/node_modules_next_dist_1ybzpk2._.js:2494
[  209681ms] [LOG] [Fast Refresh] rebuilding @ http://localhost:3001/_next/static/chunks/node_modules_next_dist_1ybzpk2._.js:2494
[  209742ms] [LOG] [Fast Refresh] done in 162ms @ http://localhost:3001/_next/static/chunks/node_modules_next_dist_1ybzpk2._.js:2494
[  210277ms] [LOG] [Fast Refresh] rebuilding @ http://localhost:3001/_next/static/chunks/node_modules_next_dist_1ybzpk2._.js:2494
[  210334ms] [LOG] [Fast Refresh] done in 157ms @ http://localhost:3001/_next/static/chunks/node_modules_next_dist_1ybzpk2._.js:2494
[  210865ms] [LOG] [Fast Refresh] rebuilding @ http://localhost:3001/_next/static/chunks/node_modules_next_dist_1ybzpk2._.js:2494
[  210911ms] [LOG] [Fast Refresh] done in 147ms @ http://localhost:3001/_next/static/chunks/node_modules_next_dist_1ybzpk2._.js:2494
[  211472ms] [LOG] [Fast Refresh] rebuilding @ http://localhost:3001/_next/static/chunks/node_modules_next_dist_1ybzpk2._.js:2494
[  211528ms] [LOG] [Fast Refresh] done in 156ms @ http://localhost:3001/_next/static/chunks/node_modules_next_dist_1ybzpk2._.js:2494
[  212059ms] [LOG] [Fast Refresh] rebuilding @ http://localhost:3001/_next/static/chunks/node_modules_next_dist_1ybzpk2._.js:2494
[  212107ms] [LOG] [Fast Refresh] done in 148ms @ http://localhost:3001/_next/static/chunks/node_modules_next_dist_1ybzpk2._.js:2494
[  212618ms] [LOG] [Fast Refresh] rebuilding @ http://localhost:3001/_next/static/chunks/node_modules_next_dist_1ybzpk2._.js:2494
[  212689ms] [LOG] [Fast Refresh] done in 172ms @ http://localhost:3001/_next/static/chunks/node_modules_next_dist_1ybzpk2._.js:2494
[  213211ms] [LOG] [Fast Refresh] rebuilding @ http://localhost:3001/_next/static/chunks/node_modules_next_dist_1ybzpk2._.js:2494
[  213267ms] [LOG] [Fast Refresh] done in 156ms @ http://localhost:3001/_next/static/chunks/node_modules_next_dist_1ybzpk2._.js:2494
[  213799ms] [LOG] [Fast Refresh] rebuilding @ http://localhost:3001/_next/static/chunks/node_modules_next_dist_1ybzpk2._.js:2494
[  213853ms] [LOG] [Fast Refresh] done in 155ms @ http://localhost:3001/_next/static/chunks/node_modules_next_dist_1ybzpk2._.js:2494
[  214394ms] [LOG] [Fast Refresh] rebuilding @ http://localhost:3001/_next/static/chunks/node_modules_next_dist_1ybzpk2._.js:2494
[  214447ms] [LOG] [Fast Refresh] done in 154ms @ http://localhost:3001/_next/static/chunks/node_modules_next_dist_1ybzpk2._.js:2494
[  214958ms] [LOG] [Fast Refresh] rebuilding @ http://localhost:3001/_next/static/chunks/node_modules_next_dist_1ybzpk2._.js:2494
[  215014ms] [LOG] [Fast Refresh] done in 155ms @ http://localhost:3001/_next/static/chunks/node_modules_next_dist_1ybzpk2._.js:2494
[  215609ms] [LOG] [Fast Refresh] rebuilding @ http://localhost:3001/_next/static/chunks/node_modules_next_dist_1ybzpk2._.js:2494
[  215666ms] [LOG] [Fast Refresh] done in 157ms @ http://localhost:3001/_next/static/chunks/node_modules_next_dist_1ybzpk2._.js:2494
[  216182ms] [LOG] [Fast Refresh] rebuilding @ http://localhost:3001/_next/static/chunks/node_modules_next_dist_1ybzpk2._.js:2494
[  216235ms] [LOG] [Fast Refresh] done in 153ms @ http://localhost:3001/_next/static/chunks/node_modules_next_dist_1ybzpk2._.js:2494
[  216750ms] [LOG] [Fast Refresh] rebuilding @ http://localhost:3001/_next/static/chunks/node_modules_next_dist_1ybzpk2._.js:2494
[  216801ms] [LOG] [Fast Refresh] done in 151ms @ http://localhost:3001/_next/static/chunks/node_modules_next_dist_1ybzpk2._.js:2494
[  217324ms] [LOG] [Fast Refresh] rebuilding @ http://localhost:3001/_next/static/chunks/node_modules_next_dist_1ybzpk2._.js:2494
[  217382ms] [LOG] [Fast Refresh] done in 159ms @ http://localhost:3001/_next/static/chunks/node_modules_next_dist_1ybzpk2._.js:2494
[  217895ms] [LOG] [Fast Refresh] rebuilding @ http://localhost:3001/_next/static/chunks/node_modules_next_dist_1ybzpk2._.js:2494
[  217952ms] [LOG] [Fast Refresh] done in 158ms @ http://localhost:3001/_next/static/chunks/node_modules_next_dist_1ybzpk2._.js:2494
[  218486ms] [LOG] [Fast Refresh] rebuilding @ http://localhost:3001/_next/static/chunks/node_modules_next_dist_1ybzpk2._.js:2494
[  218545ms] [LOG] [Fast Refresh] done in 159ms @ http://localhost:3001/_next/static/chunks/node_modules_next_dist_1ybzpk2._.js:2494
[  219074ms] [LOG] [Fast Refresh] rebuilding @ http://localhost:3001/_next/static/chunks/node_modules_next_dist_1ybzpk2._.js:2494
[  219133ms] [LOG] [Fast Refresh] done in 158ms @ http://localhost:3001/_next/static/chunks/node_modules_next_dist_1ybzpk2._.js:2494
[  219659ms] [LOG] [Fast Refresh] rebuilding @ http://localhost:3001/_next/static/chunks/node_modules_next_dist_1ybzpk2._.js:2494
[  219710ms] [LOG] [Fast Refresh] done in 151ms @ http://localhost:3001/_next/static/chunks/node_modules_next_dist_1ybzpk2._.js:2494
[  220218ms] [LOG] [Fast Refresh] rebuilding @ http://localhost:3001/_next/static/chunks/node_modules_next_dist_1ybzpk2._.js:2494
[  220273ms] [LOG] [Fast Refresh] done in 155ms @ http://localhost:3001/_next/static/chunks/node_modules_next_dist_1ybzpk2._.js:2494
[  220787ms] [LOG] [Fast Refresh] rebuilding @ http://localhost:3001/_next/static/chunks/node_modules_next_dist_1ybzpk2._.js:2494
[  220841ms] [LOG] [Fast Refresh] done in 155ms @ http://localhost:3001/_next/static/chunks/node_modules_next_dist_1ybzpk2._.js:2494
[  221379ms] [LOG] [Fast Refresh] rebuilding @ http://localhost:3001/_next/static/chunks/node_modules_next_dist_1ybzpk2._.js:2494
[  221439ms] [LOG] [Fast Refresh] done in 160ms @ http://localhost:3001/_next/static/chunks/node_modules_next_dist_1ybzpk2._.js:2494
[  221950ms] [LOG] [Fast Refresh] rebuilding @ http://localhost:3001/_next/static/chunks/node_modules_next_dist_1ybzpk2._.js:2494
[  222006ms] [LOG] [Fast Refresh] done in 157ms @ http://localhost:3001/_next/static/chunks/node_modules_next_dist_1ybzpk2._.js:2494
[  223733ms] [LOG] [Fast Refresh] rebuilding @ http://localhost:3001/_next/static/chunks/node_modules_next_dist_1ybzpk2._.js:2494
[  223789ms] [LOG] [Fast Refresh] done in 156ms @ http://localhost:3001/_next/static/chunks/node_modules_next_dist_1ybzpk2._.js:2494
[  224312ms] [LOG] [Fast Refresh] rebuilding @ http://localhost:3001/_next/static/chunks/node_modules_next_dist_1ybzpk2._.js:2494
[  224363ms] [LOG] [Fast Refresh] done in 152ms @ http://localhost:3001/_next/static/chunks/node_modules_next_dist_1ybzpk2._.js:2494
[  224895ms] [LOG] [Fast Refresh] rebuilding @ http://localhost:3001/_next/static/chunks/node_modules_next_dist_1ybzpk2._.js:2494
[  224954ms] [LOG] [Fast Refresh] done in 158ms @ http://localhost:3001/_next/static/chunks/node_modules_next_dist_1ybzpk2._.js:2494
[  225495ms] [LOG] [Fast Refresh] rebuilding @ http://localhost:3001/_next/static/chunks/node_modules_next_dist_1ybzpk2._.js:2494
[  225553ms] [LOG] [Fast Refresh] done in 158ms @ http://localhost:3001/_next/static/chunks/node_modules_next_dist_1ybzpk2._.js:2494
[  226119ms] [LOG] [Fast Refresh] rebuilding @ http://localhost:3001/_next/static/chunks/node_modules_next_dist_1ybzpk2._.js:2494
[  226178ms] [LOG] [Fast Refresh] done in 159ms @ http://localhost:3001/_next/static/chunks/node_modules_next_dist_1ybzpk2._.js:2494
[  226772ms] [LOG] [Fast Refresh] rebuilding @ http://localhost:3001/_next/static/chunks/node_modules_next_dist_1ybzpk2._.js:2494
[  226834ms] [LOG] [Fast Refresh] done in 163ms @ http://localhost:3001/_next/static/chunks/node_modules_next_dist_1ybzpk2._.js:2494
[  227347ms] [LOG] [Fast Refresh] rebuilding @ http://localhost:3001/_next/static/chunks/node_modules_next_dist_1ybzpk2._.js:2494
[  227399ms] [LOG] [Fast Refresh] done in 151ms @ http://localhost:3001/_next/static/chunks/node_modules_next_dist_1ybzpk2._.js:2494
[  227904ms] [LOG] [Fast Refresh] rebuilding @ http://localhost:3001/_next/static/chunks/node_modules_next_dist_1ybzpk2._.js:2494
[  227960ms] [LOG] [Fast Refresh] done in 157ms @ http://localhost:3001/_next/static/chunks/node_modules_next_dist_1ybzpk2._.js:2494
[  229142ms] [LOG] [Fast Refresh] rebuilding @ http://localhost:3001/_next/static/chunks/node_modules_next_dist_1ybzpk2._.js:2494
[  229200ms] [LOG] [Fast Refresh] done in 158ms @ http://localhost:3001/_next/static/chunks/node_modules_next_dist_1ybzpk2._.js:2494
[  229746ms] [LOG] [Fast Refresh] rebuilding @ http://localhost:3001/_next/static/chunks/node_modules_next_dist_1ybzpk2._.js:2494
[  229805ms] [LOG] [Fast Refresh] done in 160ms @ http://localhost:3001/_next/static/chunks/node_modules_next_dist_1ybzpk2._.js:2494
[  230335ms] [LOG] [Fast Refresh] rebuilding @ http://localhost:3001/_next/static/chunks/node_modules_next_dist_1ybzpk2._.js:2494
[  230394ms] [LOG] [Fast Refresh] done in 159ms @ http://localhost:3001/_next/static/chunks/node_modules_next_dist_1ybzpk2._.js:2494
[  230940ms] [LOG] [Fast Refresh] rebuilding @ http://localhost:3001/_next/static/chunks/node_modules_next_dist_1ybzpk2._.js:2494
[  231001ms] [LOG] [Fast Refresh] done in 162ms @ http://localhost:3001/_next/static/chunks/node_modules_next_dist_1ybzpk2._.js:2494
[  233113ms] [LOG] [Fast Refresh] rebuilding @ http://localhost:3001/_next/static/chunks/node_modules_next_dist_1ybzpk2._.js:2494
[  233197ms] [LOG] [Fast Refresh] done in 184ms @ http://localhost:3001/_next/static/chunks/node_modules_next_dist_1ybzpk2._.js:2494
[  234223ms] [LOG] [Fast Refresh] rebuilding @ http://localhost:3001/_next/static/chunks/node_modules_next_dist_1ybzpk2._.js:2494
[  234269ms] [LOG] [Fast Refresh] done in 146ms @ http://localhost:3001/_next/static/chunks/node_modules_next_dist_1ybzpk2._.js:2494
[  234373ms] [LOG] [Fast Refresh] rebuilding @ http://localhost:3001/_next/static/chunks/node_modules_next_dist_1ybzpk2._.js:2494
[  234423ms] [LOG] [Fast Refresh] done in 150ms @ http://localhost:3001/_next/static/chunks/node_modules_next_dist_1ybzpk2._.js:2494
[  237000ms] [LOG] [Fast Refresh] rebuilding @ http://localhost:3001/_next/static/chunks/node_modules_next_dist_1ybzpk2._.js:2494
[  237055ms] [LOG] [Fast Refresh] done in 155ms @ http://localhost:3001/_next/static/chunks/node_modules_next_dist_1ybzpk2._.js:2494
[  239524ms] [LOG] [Fast Refresh] rebuilding @ http://localhost:3001/_next/static/chunks/node_modules_next_dist_1ybzpk2._.js:2494
[  240016ms] [LOG] [Fast Refresh] done in 593ms @ http://localhost:3001/_next/static/chunks/node_modules_next_dist_1ybzpk2._.js:2494
[  242000ms] [LOG] [Fast Refresh] rebuilding @ http://localhost:3001/_next/static/chunks/node_modules_next_dist_1ybzpk2._.js:2494
[  242054ms] [LOG] [Fast Refresh] done in 154ms @ http://localhost:3001/_next/static/chunks/node_modules_next_dist_1ybzpk2._.js:2494
[  246999ms] [LOG] [Fast Refresh] rebuilding @ http://localhost:3001/_next/static/chunks/node_modules_next_dist_1ybzpk2._.js:2494
[  247051ms] [LOG] [Fast Refresh] done in 151ms @ http://localhost:3001/_next/static/chunks/node_modules_next_dist_1ybzpk2._.js:2494
[  248817ms] [LOG] [Fast Refresh] rebuilding @ http://localhost:3001/_next/static/chunks/node_modules_next_dist_1ybzpk2._.js:2494
[  249252ms] [LOG] [Fast Refresh] done in 535ms @ http://localhost:3001/_next/static/chunks/node_modules_next_dist_1ybzpk2._.js:2494
[  250184ms] [LOG] [Fast Refresh] rebuilding @ http://localhost:3001/_next/static/chunks/node_modules_next_dist_1ybzpk2._.js:2494
[  250236ms] [LOG] [Fast Refresh] done in 153ms @ http://localhost:3001/_next/static/chunks/node_modules_next_dist_1ybzpk2._.js:2494
[  252001ms] [LOG] [Fast Refresh] rebuilding @ http://localhost:3001/_next/static/chunks/node_modules_next_dist_1ybzpk2._.js:2494
[  252045ms] [LOG] [Fast Refresh] done in 144ms @ http://localhost:3001/_next/static/chunks/node_modules_next_dist_1ybzpk2._.js:2494
[  253770ms] [LOG] [Fast Refresh] rebuilding @ http://localhost:3001/_next/static/chunks/node_modules_next_dist_1ybzpk2._.js:2494
[  253815ms] [LOG] [Fast Refresh] done in 145ms @ http://localhost:3001/_next/static/chunks/node_modules_next_dist_1ybzpk2._.js:2494
[  257170ms] [LOG] [Fast Refresh] rebuilding @ http://localhost:3001/_next/static/chunks/node_modules_next_dist_1ybzpk2._.js:2494
[  257229ms] [LOG] [Fast Refresh] done in 160ms @ http://localhost:3001/_next/static/chunks/node_modules_next_dist_1ybzpk2._.js:2494
[  262005ms] [LOG] [Fast Refresh] rebuilding @ http://localhost:3001/_next/static/chunks/node_modules_next_dist_1ybzpk2._.js:2494
[  262059ms] [LOG] [Fast Refresh] done in 153ms @ http://localhost:3001/_next/static/chunks/node_modules_next_dist_1ybzpk2._.js:2494
[  266999ms] [LOG] [Fast Refresh] rebuilding @ http://localhost:3001/_next/static/chunks/node_modules_next_dist_1ybzpk2._.js:2494
[  267045ms] [LOG] [Fast Refresh] done in 145ms @ http://localhost:3001/_next/static/chunks/node_modules_next_dist_1ybzpk2._.js:2494
[  272005ms] [LOG] [Fast Refresh] rebuilding @ http://localhost:3001/_next/static/chunks/node_modules_next_dist_1ybzpk2._.js:2494
[  272057ms] [LOG] [Fast Refresh] done in 152ms @ http://localhost:3001/_next/static/chunks/node_modules_next_dist_1ybzpk2._.js:2494
[  277004ms] [LOG] [Fast Refresh] rebuilding @ http://localhost:3001/_next/static/chunks/node_modules_next_dist_1ybzpk2._.js:2494
[  277053ms] [LOG] [Fast Refresh] done in 149ms @ http://localhost:3001/_next/static/chunks/node_modules_next_dist_1ybzpk2._.js:2494
[  287004ms] [LOG] [Fast Refresh] rebuilding @ http://localhost:3001/_next/static/chunks/node_modules_next_dist_1ybzpk2._.js:2494
[  287048ms] [LOG] [Fast Refresh] done in 144ms @ http://localhost:3001/_next/static/chunks/node_modules_next_dist_1ybzpk2._.js:2494
[  288766ms] [LOG] [Fast Refresh] rebuilding @ http://localhost:3001/_next/static/chunks/node_modules_next_dist_1ybzpk2._.js:2494
[  288815ms] [LOG] [Fast Refresh] done in 149ms @ http://localhost:3001/_next/static/chunks/node_modules_next_dist_1ybzpk2._.js:2494
[  292000ms] [LOG] [Fast Refresh] rebuilding @ http://localhost:3001/_next/static/chunks/node_modules_next_dist_1ybzpk2._.js:2494
[  292045ms] [LOG] [Fast Refresh] done in 145ms @ http://localhost:3001/_next/static/chunks/node_modules_next_dist_1ybzpk2._.js:2494
[  297225ms] [LOG] [Fast Refresh] rebuilding @ http://localhost:3001/_next/static/chunks/node_modules_next_dist_1ybzpk2._.js:2494
[  297286ms] [LOG] [Fast Refresh] done in 162ms @ http://localhost:3001/_next/static/chunks/node_modules_next_dist_1ybzpk2._.js:2494
[  302228ms] [LOG] [Fast Refresh] rebuilding @ http://localhost:3001/_next/static/chunks/node_modules_next_dist_1ybzpk2._.js:2494
[  302279ms] [LOG] [Fast Refresh] done in 151ms @ http://localhost:3001/_next/static/chunks/node_modules_next_dist_1ybzpk2._.js:2494
[  307228ms] [LOG] [Fast Refresh] rebuilding @ http://localhost:3001/_next/static/chunks/node_modules_next_dist_1ybzpk2._.js:2494
[  307276ms] [LOG] [Fast Refresh] done in 148ms @ http://localhost:3001/_next/static/chunks/node_modules_next_dist_1ybzpk2._.js:2494
[  312231ms] [LOG] [Fast Refresh] rebuilding @ http://localhost:3001/_next/static/chunks/node_modules_next_dist_1ybzpk2._.js:2494
[  312287ms] [LOG] [Fast Refresh] done in 157ms @ http://localhost:3001/_next/static/chunks/node_modules_next_dist_1ybzpk2._.js:2494
[  317223ms] [LOG] [Fast Refresh] rebuilding @ http://localhost:3001/_next/static/chunks/node_modules_next_dist_1ybzpk2._.js:2494
[  317275ms] [LOG] [Fast Refresh] done in 153ms @ http://localhost:3001/_next/static/chunks/node_modules_next_dist_1ybzpk2._.js:2494
[  322223ms] [LOG] [Fast Refresh] rebuilding @ http://localhost:3001/_next/static/chunks/node_modules_next_dist_1ybzpk2._.js:2494
[  322271ms] [LOG] [Fast Refresh] done in 149ms @ http://localhost:3001/_next/static/chunks/node_modules_next_dist_1ybzpk2._.js:2494
[  327228ms] [LOG] [Fast Refresh] rebuilding @ http://localhost:3001/_next/static/chunks/node_modules_next_dist_1ybzpk2._.js:2494
[  327275ms] [LOG] [Fast Refresh] done in 147ms @ http://localhost:3001/_next/static/chunks/node_modules_next_dist_1ybzpk2._.js:2494
[  330240ms] [LOG] [Fast Refresh] rebuilding @ http://localhost:3001/_next/static/chunks/node_modules_next_dist_1ybzpk2._.js:2494
[  330360ms] [LOG] [Fast Refresh] done in 97ms @ http://localhost:3001/_next/static/chunks/node_modules_next_dist_1ybzpk2._.js:2494
[  330462ms] [LOG] [Fast Refresh] rebuilding @ http://localhost:3001/_next/static/chunks/node_modules_next_dist_1ybzpk2._.js:2494
[  330754ms] [LOG] [Fast Refresh] done in 391ms @ http://localhost:3001/_next/static/chunks/node_modules_next_dist_1ybzpk2._.js:2494
[  330908ms] [LOG] [Fast Refresh] rebuilding @ http://localhost:3001/_next/static/chunks/node_modules_next_dist_1ybzpk2._.js:2494
[  331280ms] [LOG] [Fast Refresh] done in 472ms @ http://localhost:3001/_next/static/chunks/node_modules_next_dist_1ybzpk2._.js:2494
[  331386ms] [LOG] [Fast Refresh] rebuilding @ http://localhost:3001/_next/static/chunks/node_modules_next_dist_1ybzpk2._.js:2494
[  331465ms] [LOG] [Fast Refresh] done in 180ms @ http://localhost:3001/_next/static/chunks/node_modules_next_dist_1ybzpk2._.js:2494
[  332065ms] [LOG] [Fast Refresh] rebuilding @ http://localhost:3001/_next/static/chunks/node_modules_next_dist_1ybzpk2._.js:2494
[  332141ms] [LOG] [Fast Refresh] done in 176ms @ http://localhost:3001/_next/static/chunks/node_modules_next_dist_1ybzpk2._.js:2494
[  335102ms] [LOG] [Fast Refresh] rebuilding @ http://localhost:3001/_next/static/chunks/node_modules_next_dist_1ybzpk2._.js:2494
[  335117ms] [LOG] [Fast Refresh] done in 88ms @ http://localhost:3001/_next/static/chunks/node_modules_next_dist_1ybzpk2._.js:2494
[  336223ms] [LOG] [Fast Refresh] rebuilding @ http://localhost:3001/_next/static/chunks/node_modules_next_dist_1ybzpk2._.js:2494
[  336278ms] [LOG] [Fast Refresh] done in 155ms @ http://localhost:3001/_next/static/chunks/node_modules_next_dist_1ybzpk2._.js:2494
[  341223ms] [LOG] [Fast Refresh] rebuilding @ http://localhost:3001/_next/static/chunks/node_modules_next_dist_1ybzpk2._.js:2494
[  341271ms] [LOG] [Fast Refresh] done in 147ms @ http://localhost:3001/_next/static/chunks/node_modules_next_dist_1ybzpk2._.js:2494
[  346223ms] [LOG] [Fast Refresh] rebuilding @ http://localhost:3001/_next/static/chunks/node_modules_next_dist_1ybzpk2._.js:2494
[  346271ms] [LOG] [Fast Refresh] done in 147ms @ http://localhost:3001/_next/static/chunks/node_modules_next_dist_1ybzpk2._.js:2494
[  356223ms] [LOG] [Fast Refresh] rebuilding @ http://localhost:3001/_next/static/chunks/node_modules_next_dist_1ybzpk2._.js:2494
[  356272ms] [LOG] [Fast Refresh] done in 150ms @ http://localhost:3001/_next/static/chunks/node_modules_next_dist_1ybzpk2._.js:2494
[  361223ms] [LOG] [Fast Refresh] rebuilding @ http://localhost:3001/_next/static/chunks/node_modules_next_dist_1ybzpk2._.js:2494
[  361271ms] [LOG] [Fast Refresh] done in 147ms @ http://localhost:3001/_next/static/chunks/node_modules_next_dist_1ybzpk2._.js:2494
[  363130ms] [LOG] [Fast Refresh] rebuilding @ http://localhost:3001/_next/static/chunks/node_modules_next_dist_1ybzpk2._.js:2494
[  363206ms] [LOG] [Fast Refresh] done in 177ms @ http://localhost:3001/_next/static/chunks/node_modules_next_dist_1ybzpk2._.js:2494
[  365401ms] [LOG] [Fast Refresh] rebuilding @ http://localhost:3001/_next/static/chunks/node_modules_next_dist_1ybzpk2._.js:2494
[  365447ms] [LOG] [Fast Refresh] done in 146ms @ http://localhost:3001/_next/static/chunks/node_modules_next_dist_1ybzpk2._.js:2494
[  369397ms] [LOG] [Fast Refresh] rebuilding @ http://localhost:3001/_next/static/chunks/node_modules_next_dist_1ybzpk2._.js:2494
[  369473ms] [LOG] [Fast Refresh] done in 176ms @ http://localhost:3001/_next/static/chunks/node_modules_next_dist_1ybzpk2._.js:2494
[  370402ms] [LOG] [Fast Refresh] rebuilding @ http://localhost:3001/_next/static/chunks/node_modules_next_dist_1ybzpk2._.js:2494
[  370451ms] [LOG] [Fast Refresh] done in 150ms @ http://localhost:3001/_next/static/chunks/node_modules_next_dist_1ybzpk2._.js:2494
[  373757ms] [LOG] [Fast Refresh] rebuilding @ http://localhost:3001/_next/static/chunks/node_modules_next_dist_1ybzpk2._.js:2494
[  373816ms] [LOG] [Fast Refresh] done in 160ms @ http://localhost:3001/_next/static/chunks/node_modules_next_dist_1ybzpk2._.js:2494
[  374157ms] [LOG] [Fast Refresh] rebuilding @ http://localhost:3001/_next/static/chunks/node_modules_next_dist_1ybzpk2._.js:2494
[  374203ms] [LOG] [Fast Refresh] done in 146ms @ http://localhost:3001/_next/static/chunks/node_modules_next_dist_1ybzpk2._.js:2494
[  375401ms] [LOG] [Fast Refresh] rebuilding @ http://localhost:3001/_next/static/chunks/node_modules_next_dist_1ybzpk2._.js:2494
[  375445ms] [LOG] [Fast Refresh] done in 144ms @ http://localhost:3001/_next/static/chunks/node_modules_next_dist_1ybzpk2._.js:2494
[  380402ms] [LOG] [Fast Refresh] rebuilding @ http://localhost:3001/_next/static/chunks/node_modules_next_dist_1ybzpk2._.js:2494
[  380446ms] [LOG] [Fast Refresh] done in 145ms @ http://localhost:3001/_next/static/chunks/node_modules_next_dist_1ybzpk2._.js:2494
[  382706ms] [LOG] [Fast Refresh] rebuilding @ http://localhost:3001/_next/static/chunks/node_modules_next_dist_1ybzpk2._.js:2494
[  382764ms] [LOG] [Fast Refresh] done in 157ms @ http://localhost:3001/_next/static/chunks/node_modules_next_dist_1ybzpk2._.js:2494
[  383989ms] [LOG] [Fast Refresh] rebuilding @ http://localhost:3001/_next/static/chunks/node_modules_next_dist_1ybzpk2._.js:2494
[  384035ms] [LOG] [Fast Refresh] done in 147ms @ http://localhost:3001/_next/static/chunks/node_modules_next_dist_1ybzpk2._.js:2494
[  385401ms] [LOG] [Fast Refresh] rebuilding @ http://localhost:3001/_next/static/chunks/node_modules_next_dist_1ybzpk2._.js:2494
[  385446ms] [LOG] [Fast Refresh] done in 145ms @ http://localhost:3001/_next/static/chunks/node_modules_next_dist_1ybzpk2._.js:2494
[  390403ms] [LOG] [Fast Refresh] rebuilding @ http://localhost:3001/_next/static/chunks/node_modules_next_dist_1ybzpk2._.js:2494
[  390455ms] [LOG] [Fast Refresh] done in 153ms @ http://localhost:3001/_next/static/chunks/node_modules_next_dist_1ybzpk2._.js:2494
[  394478ms] [LOG] [Fast Refresh] rebuilding @ http://localhost:3001/_next/static/chunks/node_modules_next_dist_1ybzpk2._.js:2494
[  394532ms] [LOG] [Fast Refresh] done in 153ms @ http://localhost:3001/_next/static/chunks/node_modules_next_dist_1ybzpk2._.js:2494
[  395401ms] [LOG] [Fast Refresh] rebuilding @ http://localhost:3001/_next/static/chunks/node_modules_next_dist_1ybzpk2._.js:2494
[  395453ms] [LOG] [Fast Refresh] done in 152ms @ http://localhost:3001/_next/static/chunks/node_modules_next_dist_1ybzpk2._.js:2494
[  397100ms] [LOG] [Fast Refresh] rebuilding @ http://localhost:3001/_next/static/chunks/node_modules_next_dist_1ybzpk2._.js:2494
[  397152ms] [LOG] [Fast Refresh] done in 152ms @ http://localhost:3001/_next/static/chunks/node_modules_next_dist_1ybzpk2._.js:2494
[  397477ms] [LOG] [Fast Refresh] rebuilding @ http://localhost:3001/_next/static/chunks/node_modules_next_dist_1ybzpk2._.js:2494
[  397520ms] [LOG] [Fast Refresh] done in 143ms @ http://localhost:3001/_next/static/chunks/node_modules_next_dist_1ybzpk2._.js:2494
[  400401ms] [LOG] [Fast Refresh] rebuilding @ http://localhost:3001/_next/static/chunks/node_modules_next_dist_1ybzpk2._.js:2494
[  400448ms] [LOG] [Fast Refresh] done in 146ms @ http://localhost:3001/_next/static/chunks/node_modules_next_dist_1ybzpk2._.js:2494
[  405401ms] [LOG] [Fast Refresh] rebuilding @ http://localhost:3001/_next/static/chunks/node_modules_next_dist_1ybzpk2._.js:2494
[  405448ms] [LOG] [Fast Refresh] done in 148ms @ http://localhost:3001/_next/static/chunks/node_modules_next_dist_1ybzpk2._.js:2494
[  406715ms] [LOG] [Fast Refresh] rebuilding @ http://localhost:3001/_next/static/chunks/node_modules_next_dist_1ybzpk2._.js:2494
[  406756ms] [LOG] [Fast Refresh] done in 141ms @ http://localhost:3001/_next/static/chunks/node_modules_next_dist_1ybzpk2._.js:2494
[  407060ms] [LOG] [Fast Refresh] rebuilding @ http://localhost:3001/_next/static/chunks/node_modules_next_dist_1ybzpk2._.js:2494
[  407114ms] [LOG] [Fast Refresh] done in 155ms @ http://localhost:3001/_next/static/chunks/node_modules_next_dist_1ybzpk2._.js:2494
[  415410ms] [LOG] [Fast Refresh] rebuilding @ http://localhost:3001/_next/static/chunks/node_modules_next_dist_1ybzpk2._.js:2494
[  415460ms] [LOG] [Fast Refresh] done in 150ms @ http://localhost:3001/_next/static/chunks/node_modules_next_dist_1ybzpk2._.js:2494
[  420402ms] [LOG] [Fast Refresh] rebuilding @ http://localhost:3001/_next/static/chunks/node_modules_next_dist_1ybzpk2._.js:2494
[  420451ms] [LOG] [Fast Refresh] done in 150ms @ http://localhost:3001/_next/static/chunks/node_modules_next_dist_1ybzpk2._.js:2494
[  421711ms] [LOG] [Fast Refresh] rebuilding @ http://localhost:3001/_next/static/chunks/node_modules_next_dist_1ybzpk2._.js:2494
[  421761ms] [LOG] [Fast Refresh] done in 151ms @ http://localhost:3001/_next/static/chunks/node_modules_next_dist_1ybzpk2._.js:2494
[  422943ms] [LOG] [Fast Refresh] rebuilding @ http://localhost:3001/_next/static/chunks/node_modules_next_dist_1ybzpk2._.js:2494
[  422992ms] [LOG] [Fast Refresh] done in 148ms @ http://localhost:3001/_next/static/chunks/node_modules_next_dist_1ybzpk2._.js:2494
[  423533ms] [LOG] [Fast Refresh] rebuilding @ http://localhost:3001/_next/static/chunks/node_modules_next_dist_1ybzpk2._.js:2494
[  423604ms] [LOG] [Fast Refresh] done in 171ms @ http://localhost:3001/_next/static/chunks/node_modules_next_dist_1ybzpk2._.js:2494
[  430401ms] [LOG] [Fast Refresh] rebuilding @ http://localhost:3001/_next/static/chunks/node_modules_next_dist_1ybzpk2._.js:2494
[  430448ms] [LOG] [Fast Refresh] done in 148ms @ http://localhost:3001/_next/static/chunks/node_modules_next_dist_1ybzpk2._.js:2494
[  435401ms] [LOG] [Fast Refresh] rebuilding @ http://localhost:3001/_next/static/chunks/node_modules_next_dist_1ybzpk2._.js:2494
[  435456ms] [LOG] [Fast Refresh] done in 155ms @ http://localhost:3001/_next/static/chunks/node_modules_next_dist_1ybzpk2._.js:2494
[  440401ms] [LOG] [Fast Refresh] rebuilding @ http://localhost:3001/_next/static/chunks/node_modules_next_dist_1ybzpk2._.js:2494
[  440454ms] [LOG] [Fast Refresh] done in 153ms @ http://localhost:3001/_next/static/chunks/node_modules_next_dist_1ybzpk2._.js:2494
[  445401ms] [LOG] [Fast Refresh] rebuilding @ http://localhost:3001/_next/static/chunks/node_modules_next_dist_1ybzpk2._.js:2494
[  445454ms] [LOG] [Fast Refresh] done in 154ms @ http://localhost:3001/_next/static/chunks/node_modules_next_dist_1ybzpk2._.js:2494
[  445560ms] [LOG] [Fast Refresh] rebuilding @ http://localhost:3001/_next/static/chunks/node_modules_next_dist_1ybzpk2._.js:2494
[  445719ms] [LOG] [Fast Refresh] done in 260ms @ http://localhost:3001/_next/static/chunks/node_modules_next_dist_1ybzpk2._.js:2494
[  449388ms] [LOG] [Fast Refresh] rebuilding @ http://localhost:3001/_next/static/chunks/node_modules_next_dist_1ybzpk2._.js:2494
[  449457ms] [LOG] [Fast Refresh] done in 169ms @ http://localhost:3001/_next/static/chunks/node_modules_next_dist_1ybzpk2._.js:2494
[  450401ms] [LOG] [Fast Refresh] rebuilding @ http://localhost:3001/_next/static/chunks/node_modules_next_dist_1ybzpk2._.js:2494
[  450452ms] [LOG] [Fast Refresh] done in 152ms @ http://localhost:3001/_next/static/chunks/node_modules_next_dist_1ybzpk2._.js:2494
[  455401ms] [LOG] [Fast Refresh] rebuilding @ http://localhost:3001/_next/static/chunks/node_modules_next_dist_1ybzpk2._.js:2494
[  455452ms] [LOG] [Fast Refresh] done in 152ms @ http://localhost:3001/_next/static/chunks/node_modules_next_dist_1ybzpk2._.js:2494
[  460402ms] [LOG] [Fast Refresh] rebuilding @ http://localhost:3001/_next/static/chunks/node_modules_next_dist_1ybzpk2._.js:2494
[  460452ms] [LOG] [Fast Refresh] done in 150ms @ http://localhost:3001/_next/static/chunks/node_modules_next_dist_1ybzpk2._.js:2494
[  465402ms] [LOG] [Fast Refresh] rebuilding @ http://localhost:3001/_next/static/chunks/node_modules_next_dist_1ybzpk2._.js:2494
[  465450ms] [LOG] [Fast Refresh] done in 149ms @ http://localhost:3001/_next/static/chunks/node_modules_next_dist_1ybzpk2._.js:2494
[  470401ms] [LOG] [Fast Refresh] rebuilding @ http://localhost:3001/_next/static/chunks/node_modules_next_dist_1ybzpk2._.js:2494
[  470450ms] [LOG] [Fast Refresh] done in 150ms @ http://localhost:3001/_next/static/chunks/node_modules_next_dist_1ybzpk2._.js:2494
[  475401ms] [LOG] [Fast Refresh] rebuilding @ http://localhost:3001/_next/static/chunks/node_modules_next_dist_1ybzpk2._.js:2494
[  475455ms] [LOG] [Fast Refresh] done in 154ms @ http://localhost:3001/_next/static/chunks/node_modules_next_dist_1ybzpk2._.js:2494
[  482439ms] [LOG] [Fast Refresh] rebuilding @ http://localhost:3001/_next/static/chunks/node_modules_next_dist_1ybzpk2._.js:2494
[  482568ms] [LOG] [Fast Refresh] done in 165ms @ http://localhost:3001/_next/static/chunks/node_modules_next_dist_1ybzpk2._.js:2494
[  482694ms] [LOG] [Fast Refresh] rebuilding @ http://localhost:3001/_next/static/chunks/node_modules_next_dist_1ybzpk2._.js:2494
[  483098ms] [LOG] [Fast Refresh] done in 504ms @ http://localhost:3001/_next/static/chunks/node_modules_next_dist_1ybzpk2._.js:2494
[  486222ms] [LOG] [Fast Refresh] rebuilding @ http://localhost:3001/_next/static/chunks/node_modules_next_dist_1ybzpk2._.js:2494
[  486307ms] [LOG] [Fast Refresh] done in 184ms @ http://localhost:3001/_next/static/chunks/node_modules_next_dist_1ybzpk2._.js:2494
[  491224ms] [LOG] [Fast Refresh] rebuilding @ http://localhost:3001/_next/static/chunks/node_modules_next_dist_1ybzpk2._.js:2494
[  491272ms] [LOG] [Fast Refresh] done in 149ms @ http://localhost:3001/_next/static/chunks/node_modules_next_dist_1ybzpk2._.js:2494
[  496222ms] [LOG] [Fast Refresh] rebuilding @ http://localhost:3001/_next/static/chunks/node_modules_next_dist_1ybzpk2._.js:2494
[  496270ms] [LOG] [Fast Refresh] done in 147ms @ http://localhost:3001/_next/static/chunks/node_modules_next_dist_1ybzpk2._.js:2494
[  501223ms] [LOG] [Fast Refresh] rebuilding @ http://localhost:3001/_next/static/chunks/node_modules_next_dist_1ybzpk2._.js:2494
[  501271ms] [LOG] [Fast Refresh] done in 149ms @ http://localhost:3001/_next/static/chunks/node_modules_next_dist_1ybzpk2._.js:2494
[  506223ms] [LOG] [Fast Refresh] rebuilding @ http://localhost:3001/_next/static/chunks/node_modules_next_dist_1ybzpk2._.js:2494
[  506274ms] [LOG] [Fast Refresh] done in 150ms @ http://localhost:3001/_next/static/chunks/node_modules_next_dist_1ybzpk2._.js:2494
[  507101ms] [LOG] [Fast Refresh] rebuilding @ http://localhost:3001/_next/static/chunks/node_modules_next_dist_1ybzpk2._.js:2494
[  507195ms] [LOG] [Fast Refresh] done in 195ms @ http://localhost:3001/_next/static/chunks/node_modules_next_dist_1ybzpk2._.js:2494
[  510402ms] [LOG] [Fast Refresh] rebuilding @ http://localhost:3001/_next/static/chunks/node_modules_next_dist_1ybzpk2._.js:2494
[  510449ms] [LOG] [Fast Refresh] done in 147ms @ http://localhost:3001/_next/static/chunks/node_modules_next_dist_1ybzpk2._.js:2494
[  515402ms] [LOG] [Fast Refresh] rebuilding @ http://localhost:3001/_next/static/chunks/node_modules_next_dist_1ybzpk2._.js:2494
[  515444ms] [LOG] [Fast Refresh] done in 142ms @ http://localhost:3001/_next/static/chunks/node_modules_next_dist_1ybzpk2._.js:2494
[  520401ms] [LOG] [Fast Refresh] rebuilding @ http://localhost:3001/_next/static/chunks/node_modules_next_dist_1ybzpk2._.js:2494
[  520444ms] [LOG] [Fast Refresh] done in 142ms @ http://localhost:3001/_next/static/chunks/node_modules_next_dist_1ybzpk2._.js:2494
[  525402ms] [LOG] [Fast Refresh] rebuilding @ http://localhost:3001/_next/static/chunks/node_modules_next_dist_1ybzpk2._.js:2494
[  525452ms] [LOG] [Fast Refresh] done in 150ms @ http://localhost:3001/_next/static/chunks/node_modules_next_dist_1ybzpk2._.js:2494
[  530412ms] [LOG] [Fast Refresh] rebuilding @ http://localhost:3001/_next/static/chunks/node_modules_next_dist_1ybzpk2._.js:2494
[  530462ms] [LOG] [Fast Refresh] done in 150ms @ http://localhost:3001/_next/static/chunks/node_modules_next_dist_1ybzpk2._.js:2494
[  535401ms] [LOG] [Fast Refresh] rebuilding @ http://localhost:3001/_next/static/chunks/node_modules_next_dist_1ybzpk2._.js:2494
[  535455ms] [LOG] [Fast Refresh] done in 154ms @ http://localhost:3001/_next/static/chunks/node_modules_next_dist_1ybzpk2._.js:2494
[  540402ms] [LOG] [Fast Refresh] rebuilding @ http://localhost:3001/_next/static/chunks/node_modules_next_dist_1ybzpk2._.js:2494
[  540449ms] [LOG] [Fast Refresh] done in 148ms @ http://localhost:3001/_next/static/chunks/node_modules_next_dist_1ybzpk2._.js:2494
[  545402ms] [LOG] [Fast Refresh] rebuilding @ http://localhost:3001/_next/static/chunks/node_modules_next_dist_1ybzpk2._.js:2494
[  545449ms] [LOG] [Fast Refresh] done in 147ms @ http://localhost:3001/_next/static/chunks/node_modules_next_dist_1ybzpk2._.js:2494
[  550401ms] [LOG] [Fast Refresh] rebuilding @ http://localhost:3001/_next/static/chunks/node_modules_next_dist_1ybzpk2._.js:2494
[  550445ms] [LOG] [Fast Refresh] done in 144ms @ http://localhost:3001/_next/static/chunks/node_modules_next_dist_1ybzpk2._.js:2494
[  555401ms] [LOG] [Fast Refresh] rebuilding @ http://localhost:3001/_next/static/chunks/node_modules_next_dist_1ybzpk2._.js:2494
[  555450ms] [LOG] [Fast Refresh] done in 149ms @ http://localhost:3001/_next/static/chunks/node_modules_next_dist_1ybzpk2._.js:2494
[  575401ms] [LOG] [Fast Refresh] rebuilding @ http://localhost:3001/_next/static/chunks/node_modules_next_dist_1ybzpk2._.js:2494
[  575456ms] [LOG] [Fast Refresh] done in 155ms @ http://localhost:3001/_next/static/chunks/node_modules_next_dist_1ybzpk2._.js:2494
[  580401ms] [LOG] [Fast Refresh] rebuilding @ http://localhost:3001/_next/static/chunks/node_modules_next_dist_1ybzpk2._.js:2494
[  580451ms] [LOG] [Fast Refresh] done in 150ms @ http://localhost:3001/_next/static/chunks/node_modules_next_dist_1ybzpk2._.js:2494
[  585401ms] [LOG] [Fast Refresh] rebuilding @ http://localhost:3001/_next/static/chunks/node_modules_next_dist_1ybzpk2._.js:2494
[  585446ms] [LOG] [Fast Refresh] done in 144ms @ http://localhost:3001/_next/static/chunks/node_modules_next_dist_1ybzpk2._.js:2494
[  590406ms] [LOG] [Fast Refresh] rebuilding @ http://localhost:3001/_next/static/chunks/node_modules_next_dist_1ybzpk2._.js:2494
[  590455ms] [LOG] [Fast Refresh] done in 150ms @ http://localhost:3001/_next/static/chunks/node_modules_next_dist_1ybzpk2._.js:2494
[  595406ms] [LOG] [Fast Refresh] rebuilding @ http://localhost:3001/_next/static/chunks/node_modules_next_dist_1ybzpk2._.js:2494
[  595454ms] [LOG] [Fast Refresh] done in 148ms @ http://localhost:3001/_next/static/chunks/node_modules_next_dist_1ybzpk2._.js:2494
[  615406ms] [LOG] [Fast Refresh] rebuilding @ http://localhost:3001/_next/static/chunks/node_modules_next_dist_1ybzpk2._.js:2494
[  615459ms] [LOG] [Fast Refresh] done in 152ms @ http://localhost:3001/_next/static/chunks/node_modules_next_dist_1ybzpk2._.js:2494
[  620401ms] [LOG] [Fast Refresh] rebuilding @ http://localhost:3001/_next/static/chunks/node_modules_next_dist_1ybzpk2._.js:2494
[  620445ms] [LOG] [Fast Refresh] done in 145ms @ http://localhost:3001/_next/static/chunks/node_modules_next_dist_1ybzpk2._.js:2494
[  625406ms] [LOG] [Fast Refresh] rebuilding @ http://localhost:3001/_next/static/chunks/node_modules_next_dist_1ybzpk2._.js:2494
[  625455ms] [LOG] [Fast Refresh] done in 149ms @ http://localhost:3001/_next/static/chunks/node_modules_next_dist_1ybzpk2._.js:2494
[  630401ms] [LOG] [Fast Refresh] rebuilding @ http://localhost:3001/_next/static/chunks/node_modules_next_dist_1ybzpk2._.js:2494
[  630444ms] [LOG] [Fast Refresh] done in 144ms @ http://localhost:3001/_next/static/chunks/node_modules_next_dist_1ybzpk2._.js:2494
[  635401ms] [LOG] [Fast Refresh] rebuilding @ http://localhost:3001/_next/static/chunks/node_modules_next_dist_1ybzpk2._.js:2494
[  635471ms] [LOG] [Fast Refresh] done in 170ms @ http://localhost:3001/_next/static/chunks/node_modules_next_dist_1ybzpk2._.js:2494
[  645406ms] [LOG] [Fast Refresh] rebuilding @ http://localhost:3001/_next/static/chunks/node_modules_next_dist_1ybzpk2._.js:2494
[  645459ms] [LOG] [Fast Refresh] done in 154ms @ http://localhost:3001/_next/static/chunks/node_modules_next_dist_1ybzpk2._.js:2494
[  650406ms] [LOG] [Fast Refresh] rebuilding @ http://localhost:3001/_next/static/chunks/node_modules_next_dist_1ybzpk2._.js:2494
[  650449ms] [LOG] [Fast Refresh] done in 143ms @ http://localhost:3001/_next/static/chunks/node_modules_next_dist_1ybzpk2._.js:2494
[  655406ms] [LOG] [Fast Refresh] rebuilding @ http://localhost:3001/_next/static/chunks/node_modules_next_dist_1ybzpk2._.js:2494
[  655463ms] [LOG] [Fast Refresh] done in 158ms @ http://localhost:3001/_next/static/chunks/node_modules_next_dist_1ybzpk2._.js:2494
[  655722ms] [LOG] [Fast Refresh] rebuilding @ http://localhost:3001/_next/static/chunks/node_modules_next_dist_1ybzpk2._.js:2494
[  655740ms] [LOG] [Fast Refresh] done in 81ms @ http://localhost:3001/_next/static/chunks/node_modules_next_dist_1ybzpk2._.js:2494
[  660404ms] [LOG] [Fast Refresh] rebuilding @ http://localhost:3001/_next/static/chunks/node_modules_next_dist_1ybzpk2._.js:2494
[  660458ms] [LOG] [Fast Refresh] done in 154ms @ http://localhost:3001/_next/static/chunks/node_modules_next_dist_1ybzpk2._.js:2494
[  665405ms] [LOG] [Fast Refresh] rebuilding @ http://localhost:3001/_next/static/chunks/node_modules_next_dist_1ybzpk2._.js:2494
[  665455ms] [LOG] [Fast Refresh] done in 150ms @ http://localhost:3001/_next/static/chunks/node_modules_next_dist_1ybzpk2._.js:2494
[  670406ms] [LOG] [Fast Refresh] rebuilding @ http://localhost:3001/_next/static/chunks/node_modules_next_dist_1ybzpk2._.js:2494
[  670451ms] [LOG] [Fast Refresh] done in 144ms @ http://localhost:3001/_next/static/chunks/node_modules_next_dist_1ybzpk2._.js:2494
[  675402ms] [LOG] [Fast Refresh] rebuilding @ http://localhost:3001/_next/static/chunks/node_modules_next_dist_1ybzpk2._.js:2494
[  675455ms] [LOG] [Fast Refresh] done in 154ms @ http://localhost:3001/_next/static/chunks/node_modules_next_dist_1ybzpk2._.js:2494
[  680406ms] [LOG] [Fast Refresh] rebuilding @ http://localhost:3001/_next/static/chunks/node_modules_next_dist_1ybzpk2._.js:2494
[  680462ms] [LOG] [Fast Refresh] done in 157ms @ http://localhost:3001/_next/static/chunks/node_modules_next_dist_1ybzpk2._.js:2494
[  685407ms] [LOG] [Fast Refresh] rebuilding @ http://localhost:3001/_next/static/chunks/node_modules_next_dist_1ybzpk2._.js:2494
[  685457ms] [LOG] [Fast Refresh] done in 151ms @ http://localhost:3001/_next/static/chunks/node_modules_next_dist_1ybzpk2._.js:2494
[  687958ms] [LOG] [Fast Refresh] rebuilding @ http://localhost:3001/_next/static/chunks/node_modules_next_dist_1ybzpk2._.js:2494
[  687982ms] [LOG] [Fast Refresh] done in 58ms @ http://localhost:3001/_next/static/chunks/node_modules_next_dist_1ybzpk2._.js:2494
[  690401ms] [LOG] [Fast Refresh] rebuilding @ http://localhost:3001/_next/static/chunks/node_modules_next_dist_1ybzpk2._.js:2494
[  690457ms] [LOG] [Fast Refresh] done in 155ms @ http://localhost:3001/_next/static/chunks/node_modules_next_dist_1ybzpk2._.js:2494
[  695407ms] [LOG] [Fast Refresh] rebuilding @ http://localhost:3001/_next/static/chunks/node_modules_next_dist_1ybzpk2._.js:2494
[  695457ms] [LOG] [Fast Refresh] done in 150ms @ http://localhost:3001/_next/static/chunks/node_modules_next_dist_1ybzpk2._.js:2494
[  700401ms] [LOG] [Fast Refresh] rebuilding @ http://localhost:3001/_next/static/chunks/node_modules_next_dist_1ybzpk2._.js:2494
[  700452ms] [LOG] [Fast Refresh] done in 151ms @ http://localhost:3001/_next/static/chunks/node_modules_next_dist_1ybzpk2._.js:2494
[  705401ms] [LOG] [Fast Refresh] rebuilding @ http://localhost:3001/_next/static/chunks/node_modules_next_dist_1ybzpk2._.js:2494
[  705460ms] [LOG] [Fast Refresh] done in 159ms @ http://localhost:3001/_next/static/chunks/node_modules_next_dist_1ybzpk2._.js:2494
[  710407ms] [LOG] [Fast Refresh] rebuilding @ http://localhost:3001/_next/static/chunks/node_modules_next_dist_1ybzpk2._.js:2494
[  710459ms] [LOG] [Fast Refresh] done in 152ms @ http://localhost:3001/_next/static/chunks/node_modules_next_dist_1ybzpk2._.js:2494
[  715406ms] [LOG] [Fast Refresh] rebuilding @ http://localhost:3001/_next/static/chunks/node_modules_next_dist_1ybzpk2._.js:2494
[  715456ms] [LOG] [Fast Refresh] done in 150ms @ http://localhost:3001/_next/static/chunks/node_modules_next_dist_1ybzpk2._.js:2494
[  725405ms] [LOG] [Fast Refresh] rebuilding @ http://localhost:3001/_next/static/chunks/node_modules_next_dist_1ybzpk2._.js:2494
[  725459ms] [LOG] [Fast Refresh] done in 154ms @ http://localhost:3001/_next/static/chunks/node_modules_next_dist_1ybzpk2._.js:2494
[  730406ms] [LOG] [Fast Refresh] rebuilding @ http://localhost:3001/_next/static/chunks/node_modules_next_dist_1ybzpk2._.js:2494
[  730455ms] [LOG] [Fast Refresh] done in 149ms @ http://localhost:3001/_next/static/chunks/node_modules_next_dist_1ybzpk2._.js:2494
[  734916ms] [LOG] [Fast Refresh] rebuilding @ http://localhost:3001/_next/static/chunks/node_modules_next_dist_1ybzpk2._.js:2494
[  735363ms] [LOG] [Fast Refresh] done in 547ms @ http://localhost:3001/_next/static/chunks/node_modules_next_dist_1ybzpk2._.js:2494
[  735467ms] [LOG] [Fast Refresh] rebuilding @ http://localhost:3001/_next/static/chunks/node_modules_next_dist_1ybzpk2._.js:2494
[  735518ms] [LOG] [Fast Refresh] done in 151ms @ http://localhost:3001/_next/static/chunks/node_modules_next_dist_1ybzpk2._.js:2494
[  740402ms] [LOG] [Fast Refresh] rebuilding @ http://localhost:3001/_next/static/chunks/node_modules_next_dist_1ybzpk2._.js:2494
[  740465ms] [LOG] [Fast Refresh] done in 162ms @ http://localhost:3001/_next/static/chunks/node_modules_next_dist_1ybzpk2._.js:2494
[  745401ms] [LOG] [Fast Refresh] rebuilding @ http://localhost:3001/_next/static/chunks/node_modules_next_dist_1ybzpk2._.js:2494
[  745446ms] [LOG] [Fast Refresh] done in 146ms @ http://localhost:3001/_next/static/chunks/node_modules_next_dist_1ybzpk2._.js:2494
[  750401ms] [LOG] [Fast Refresh] rebuilding @ http://localhost:3001/_next/static/chunks/node_modules_next_dist_1ybzpk2._.js:2494
[  750451ms] [LOG] [Fast Refresh] done in 150ms @ http://localhost:3001/_next/static/chunks/node_modules_next_dist_1ybzpk2._.js:2494
[  750966ms] [LOG] [Fast Refresh] rebuilding @ http://localhost:3001/_next/static/chunks/node_modules_next_dist_1ybzpk2._.js:2494
[  751033ms] [LOG] [Fast Refresh] done in 167ms @ http://localhost:3001/_next/static/chunks/node_modules_next_dist_1ybzpk2._.js:2494
[  751199ms] [LOG] [Fast Refresh] rebuilding @ http://localhost:3001/_next/static/chunks/node_modules_next_dist_1ybzpk2._.js:2494
[  751215ms] [LOG] [Fast Refresh] done in 116ms @ http://localhost:3001/_next/static/chunks/node_modules_next_dist_1ybzpk2._.js:2494
[  760192ms] [LOG] [Fast Refresh] rebuilding @ http://localhost:3001/_next/static/chunks/node_modules_next_dist_1ybzpk2._.js:2494
[  760242ms] [LOG] [Fast Refresh] done in 149ms @ http://localhost:3001/_next/static/chunks/node_modules_next_dist_1ybzpk2._.js:2494
[  760856ms] [LOG] [Fast Refresh] rebuilding @ http://localhost:3001/_next/static/chunks/node_modules_next_dist_1ybzpk2._.js:2494
[  760890ms] [LOG] [Fast Refresh] done in 135ms @ http://localhost:3001/_next/static/chunks/node_modules_next_dist_1ybzpk2._.js:2494
[  762333ms] [LOG] [Fast Refresh] rebuilding @ http://localhost:3001/_next/static/chunks/node_modules_next_dist_1ybzpk2._.js:2494
[  762396ms] [LOG] [Fast Refresh] done in 163ms @ http://localhost:3001/_next/static/chunks/node_modules_next_dist_1ybzpk2._.js:2494
[  769279ms] [LOG] [Fast Refresh] rebuilding @ http://localhost:3001/_next/static/chunks/node_modules_next_dist_1ybzpk2._.js:2494
[  769332ms] [LOG] [Fast Refresh] done in 154ms @ http://localhost:3001/_next/static/chunks/node_modules_next_dist_1ybzpk2._.js:2494
[  769879ms] [LOG] [Fast Refresh] rebuilding @ http://localhost:3001/_next/static/chunks/node_modules_next_dist_1ybzpk2._.js:2494
[  769943ms] [LOG] [Fast Refresh] done in 165ms @ http://localhost:3001/_next/static/chunks/node_modules_next_dist_1ybzpk2._.js:2494
[  774427ms] [LOG] [Fast Refresh] rebuilding @ http://localhost:3001/_next/static/chunks/node_modules_next_dist_1ybzpk2._.js:2494
[  774506ms] [LOG] [Fast Refresh] done in 179ms @ http://localhost:3001/_next/static/chunks/node_modules_next_dist_1ybzpk2._.js:2494
[  775966ms] [LOG] [Fast Refresh] rebuilding @ http://localhost:3001/_next/static/chunks/node_modules_next_dist_1ybzpk2._.js:2494
[  776023ms] [LOG] [Fast Refresh] done in 157ms @ http://localhost:3001/_next/static/chunks/node_modules_next_dist_1ybzpk2._.js:2494
[  780773ms] [LOG] [Fast Refresh] rebuilding @ http://localhost:3001/_next/static/chunks/node_modules_next_dist_1ybzpk2._.js:2494
[  780855ms] [LOG] [Fast Refresh] done in 183ms @ http://localhost:3001/_next/static/chunks/node_modules_next_dist_1ybzpk2._.js:2494
[  781809ms] [LOG] [Fast Refresh] rebuilding @ http://localhost:3001/_next/static/chunks/node_modules_next_dist_1ybzpk2._.js:2494
[  781869ms] [LOG] [Fast Refresh] done in 161ms @ http://localhost:3001/_next/static/chunks/node_modules_next_dist_1ybzpk2._.js:2494
[  783686ms] [LOG] [Fast Refresh] rebuilding @ http://localhost:3001/_next/static/chunks/node_modules_next_dist_1ybzpk2._.js:2494
[  783743ms] [LOG] [Fast Refresh] done in 156ms @ http://localhost:3001/_next/static/chunks/node_modules_next_dist_1ybzpk2._.js:2494
[  845020ms] [LOG] [Fast Refresh] rebuilding @ http://localhost:3001/_next/static/chunks/node_modules_next_dist_1ybzpk2._.js:2494
[  845335ms] [LOG] [Fast Refresh] done in 345ms @ http://localhost:3001/_next/static/chunks/node_modules_next_dist_1ybzpk2._.js:2494
[  845798ms] [LOG] [Fast Refresh] rebuilding @ http://localhost:3001/_next/static/chunks/node_modules_next_dist_1ybzpk2._.js:2494
[  846044ms] [LOG] [Fast Refresh] done in 347ms @ http://localhost:3001/_next/static/chunks/node_modules_next_dist_1ybzpk2._.js:2494
[  846159ms] [LOG] [Fast Refresh] rebuilding @ http://localhost:3001/_next/static/chunks/node_modules_next_dist_1ybzpk2._.js:2494
[  846205ms] [LOG] [Fast Refresh] done in 146ms @ http://localhost:3001/_next/static/chunks/node_modules_next_dist_1ybzpk2._.js:2494
[  846340ms] [LOG] [Fast Refresh] rebuilding @ http://localhost:3001/_next/static/chunks/node_modules_next_dist_1ybzpk2._.js:2494
[  846637ms] [LOG] [Fast Refresh] done in 396ms @ http://localhost:3001/_next/static/chunks/node_modules_next_dist_1ybzpk2._.js:2494
[  847136ms] [LOG] [Fast Refresh] rebuilding @ http://localhost:3001/_next/static/chunks/node_modules_next_dist_1ybzpk2._.js:2494
[  847306ms] [LOG] [Fast Refresh] done in 270ms @ http://localhost:3001/_next/static/chunks/node_modules_next_dist_1ybzpk2._.js:2494
[  847487ms] [LOG] [Fast Refresh] rebuilding @ http://localhost:3001/_next/static/chunks/node_modules_next_dist_1ybzpk2._.js:2494
[  847508ms] [LOG] [Fast Refresh] done in 121ms @ http://localhost:3001/_next/static/chunks/node_modules_next_dist_1ybzpk2._.js:2494
[  847699ms] [LOG] [Fast Refresh] rebuilding @ http://localhost:3001/_next/static/chunks/node_modules_next_dist_1ybzpk2._.js:2494
[  847732ms] [LOG] [Fast Refresh] done in 132ms @ http://localhost:3001/_next/static/chunks/node_modules_next_dist_1ybzpk2._.js:2494
[  847844ms] [LOG] [Fast Refresh] rebuilding @ http://localhost:3001/_next/static/chunks/node_modules_next_dist_1ybzpk2._.js:2494
[  847961ms] [LOG] [Fast Refresh] done in 216ms @ http://localhost:3001/_next/static/chunks/node_modules_next_dist_1ybzpk2._.js:2494
[  848100ms] [LOG] [Fast Refresh] rebuilding @ http://localhost:3001/_next/static/chunks/node_modules_next_dist_1ybzpk2._.js:2494
[  848208ms] [LOG] [Fast Refresh] done in 208ms @ http://localhost:3001/_next/static/chunks/node_modules_next_dist_1ybzpk2._.js:2494
[  848393ms] [LOG] [Fast Refresh] rebuilding @ http://localhost:3001/_next/static/chunks/node_modules_next_dist_1ybzpk2._.js:2494
[  848396ms] [LOG] [Fast Refresh] done in 102ms @ http://localhost:3001/_next/static/chunks/node_modules_next_dist_1ybzpk2._.js:2494
[  848498ms] [LOG] [Fast Refresh] rebuilding @ http://localhost:3001/_next/static/chunks/node_modules_next_dist_1ybzpk2._.js:2494
[  848605ms] [LOG] [Fast Refresh] done in 208ms @ http://localhost:3001/_next/static/chunks/node_modules_next_dist_1ybzpk2._.js:2494
[  848807ms] [LOG] [Fast Refresh] rebuilding @ http://localhost:3001/_next/static/chunks/node_modules_next_dist_1ybzpk2._.js:2494
[  848829ms] [LOG] [Fast Refresh] done in 123ms @ http://localhost:3001/_next/static/chunks/node_modules_next_dist_1ybzpk2._.js:2494
[  849100ms] [LOG] [Fast Refresh] rebuilding @ http://localhost:3001/_next/static/chunks/node_modules_next_dist_1ybzpk2._.js:2494
[  849206ms] [LOG] [Fast Refresh] done in 205ms @ http://localhost:3001/_next/static/chunks/node_modules_next_dist_1ybzpk2._.js:2494
[  849399ms] [LOG] [Fast Refresh] rebuilding @ http://localhost:3001/_next/static/chunks/node_modules_next_dist_1ybzpk2._.js:2494
[  849491ms] [LOG] [Fast Refresh] done in 192ms @ http://localhost:3001/_next/static/chunks/node_modules_next_dist_1ybzpk2._.js:2494
[  849613ms] [LOG] [Fast Refresh] rebuilding @ http://localhost:3001/_next/static/chunks/node_modules_next_dist_1ybzpk2._.js:2494
[  849808ms] [LOG] [Fast Refresh] done in 294ms @ http://localhost:3001/_next/static/chunks/node_modules_next_dist_1ybzpk2._.js:2494
[  850022ms] [LOG] [Fast Refresh] rebuilding @ http://localhost:3001/_next/static/chunks/node_modules_next_dist_1ybzpk2._.js:2494
[  850061ms] [LOG] [Fast Refresh] done in 139ms @ http://localhost:3001/_next/static/chunks/node_modules_next_dist_1ybzpk2._.js:2494
[  850207ms] [LOG] [Fast Refresh] rebuilding @ http://localhost:3001/_next/static/chunks/node_modules_next_dist_1ybzpk2._.js:2494
[  850447ms] [LOG] [Fast Refresh] done in 341ms @ http://localhost:3001/_next/static/chunks/node_modules_next_dist_1ybzpk2._.js:2494
[  850633ms] [LOG] [Fast Refresh] rebuilding @ http://localhost:3001/_next/static/chunks/node_modules_next_dist_1ybzpk2._.js:2494
[  850680ms] [LOG] [Fast Refresh] done in 147ms @ http://localhost:3001/_next/static/chunks/node_modules_next_dist_1ybzpk2._.js:2494
[  850888ms] [LOG] [Fast Refresh] rebuilding @ http://localhost:3001/_next/static/chunks/node_modules_next_dist_1ybzpk2._.js:2494
[  851121ms] [LOG] [Fast Refresh] done in 334ms @ http://localhost:3001/_next/static/chunks/node_modules_next_dist_1ybzpk2._.js:2494
[  851594ms] [LOG] [Fast Refresh] rebuilding @ http://localhost:3001/_next/static/chunks/node_modules_next_dist_1ybzpk2._.js:2494
[  851843ms] [LOG] [Fast Refresh] done in 348ms @ http://localhost:3001/_next/static/chunks/node_modules_next_dist_1ybzpk2._.js:2494
[  852050ms] [LOG] [Fast Refresh] rebuilding @ http://localhost:3001/_next/static/chunks/node_modules_next_dist_1ybzpk2._.js:2494
[  852056ms] [LOG] [Fast Refresh] done in 105ms @ http://localhost:3001/_next/static/chunks/node_modules_next_dist_1ybzpk2._.js:2494
[  852416ms] [LOG] [Fast Refresh] rebuilding @ http://localhost:3001/_next/static/chunks/node_modules_next_dist_1ybzpk2._.js:2494
[  852517ms] [LOG] [Fast Refresh] done in 200ms @ http://localhost:3001/_next/static/chunks/node_modules_next_dist_1ybzpk2._.js:2494
[  852729ms] [LOG] [Fast Refresh] rebuilding @ http://localhost:3001/_next/static/chunks/node_modules_next_dist_1ybzpk2._.js:2494
[  852781ms] [LOG] [Fast Refresh] done in 152ms @ http://localhost:3001/_next/static/chunks/node_modules_next_dist_1ybzpk2._.js:2494
[  853039ms] [LOG] [Fast Refresh] rebuilding @ http://localhost:3001/_next/static/chunks/node_modules_next_dist_1ybzpk2._.js:2494
[  853145ms] [LOG] [Fast Refresh] done in 206ms @ http://localhost:3001/_next/static/chunks/node_modules_next_dist_1ybzpk2._.js:2494
[  853417ms] [LOG] [Fast Refresh] rebuilding @ http://localhost:3001/_next/static/chunks/node_modules_next_dist_1ybzpk2._.js:2494
[  853555ms] [LOG] [Fast Refresh] done in 238ms @ http://localhost:3001/_next/static/chunks/node_modules_next_dist_1ybzpk2._.js:2494
[  853669ms] [LOG] [Fast Refresh] rebuilding @ http://localhost:3001/_next/static/chunks/node_modules_next_dist_1ybzpk2._.js:2494
[  853772ms] [LOG] [Fast Refresh] done in 204ms @ http://localhost:3001/_next/static/chunks/node_modules_next_dist_1ybzpk2._.js:2494
[  853919ms] [LOG] [Fast Refresh] rebuilding @ http://localhost:3001/_next/static/chunks/node_modules_next_dist_1ybzpk2._.js:2494
[  853975ms] [LOG] [Fast Refresh] done in 162ms @ http://localhost:3001/_next/static/chunks/node_modules_next_dist_1ybzpk2._.js:2494
[  854085ms] [LOG] [Fast Refresh] rebuilding @ http://localhost:3001/_next/static/chunks/node_modules_next_dist_1ybzpk2._.js:2494
[  854134ms] [LOG] [Fast Refresh] done in 149ms @ http://localhost:3001/_next/static/chunks/node_modules_next_dist_1ybzpk2._.js:2494
[  854248ms] [LOG] [Fast Refresh] rebuilding @ http://localhost:3001/_next/static/chunks/node_modules_next_dist_1ybzpk2._.js:2494
[  854367ms] [LOG] [Fast Refresh] done in 218ms @ http://localhost:3001/_next/static/chunks/node_modules_next_dist_1ybzpk2._.js:2494
[  854562ms] [LOG] [Fast Refresh] rebuilding @ http://localhost:3001/_next/static/chunks/node_modules_next_dist_1ybzpk2._.js:2494
[  854667ms] [LOG] [Fast Refresh] done in 201ms @ http://localhost:3001/_next/static/chunks/node_modules_next_dist_1ybzpk2._.js:2494
[  854853ms] [LOG] [Fast Refresh] rebuilding @ http://localhost:3001/_next/static/chunks/node_modules_next_dist_1ybzpk2._.js:2494
[  855011ms] [LOG] [Fast Refresh] done in 259ms @ http://localhost:3001/_next/static/chunks/node_modules_next_dist_1ybzpk2._.js:2494
[  855168ms] [LOG] [Fast Refresh] rebuilding @ http://localhost:3001/_next/static/chunks/node_modules_next_dist_1ybzpk2._.js:2494
[  855327ms] [LOG] [Fast Refresh] done in 259ms @ http://localhost:3001/_next/static/chunks/node_modules_next_dist_1ybzpk2._.js:2494
[  855446ms] [LOG] [Fast Refresh] rebuilding @ http://localhost:3001/_next/static/chunks/node_modules_next_dist_1ybzpk2._.js:2494
[  855645ms] [LOG] [Fast Refresh] done in 298ms @ http://localhost:3001/_next/static/chunks/node_modules_next_dist_1ybzpk2._.js:2494
[  855765ms] [LOG] [Fast Refresh] rebuilding @ http://localhost:3001/_next/static/chunks/node_modules_next_dist_1ybzpk2._.js:2494
[  855868ms] [LOG] [Fast Refresh] done in 204ms @ http://localhost:3001/_next/static/chunks/node_modules_next_dist_1ybzpk2._.js:2494
[  856143ms] [LOG] [Fast Refresh] rebuilding @ http://localhost:3001/_next/static/chunks/node_modules_next_dist_1ybzpk2._.js:2494
[  856166ms] [LOG] [Fast Refresh] done in 123ms @ http://localhost:3001/_next/static/chunks/node_modules_next_dist_1ybzpk2._.js:2494
[  856392ms] [LOG] [Fast Refresh] rebuilding @ http://localhost:3001/_next/static/chunks/node_modules_next_dist_1ybzpk2._.js:2494
[  856490ms] [LOG] [Fast Refresh] done in 199ms @ http://localhost:3001/_next/static/chunks/node_modules_next_dist_1ybzpk2._.js:2494
[  856604ms] [LOG] [Fast Refresh] rebuilding @ http://localhost:3001/_next/static/chunks/node_modules_next_dist_1ybzpk2._.js:2494
[  856678ms] [LOG] [Fast Refresh] done in 174ms @ http://localhost:3001/_next/static/chunks/node_modules_next_dist_1ybzpk2._.js:2494
[  856879ms] [LOG] [Fast Refresh] rebuilding @ http://localhost:3001/_next/static/chunks/node_modules_next_dist_1ybzpk2._.js:2494
[  856915ms] [LOG] [Fast Refresh] done in 136ms @ http://localhost:3001/_next/static/chunks/node_modules_next_dist_1ybzpk2._.js:2494
[  857016ms] [LOG] [Fast Refresh] rebuilding @ http://localhost:3001/_next/static/chunks/node_modules_next_dist_1ybzpk2._.js:2494
[  857096ms] [LOG] [Fast Refresh] done in 181ms @ http://localhost:3001/_next/static/chunks/node_modules_next_dist_1ybzpk2._.js:2494
[  857650ms] [LOG] [Fast Refresh] rebuilding @ http://localhost:3001/_next/static/chunks/node_modules_next_dist_1ybzpk2._.js:2494
[  857791ms] [LOG] [Fast Refresh] done in 241ms @ http://localhost:3001/_next/static/chunks/node_modules_next_dist_1ybzpk2._.js:2494
[  858387ms] [LOG] [Fast Refresh] rebuilding @ http://localhost:3001/_next/static/chunks/node_modules_next_dist_1ybzpk2._.js:2494
[  858490ms] [LOG] [Fast Refresh] done in 203ms @ http://localhost:3001/_next/static/chunks/node_modules_next_dist_1ybzpk2._.js:2494
[  858594ms] [LOG] [Fast Refresh] rebuilding @ http://localhost:3001/_next/static/chunks/node_modules_next_dist_1ybzpk2._.js:2494
[  858665ms] [LOG] [Fast Refresh] done in 171ms @ http://localhost:3001/_next/static/chunks/node_modules_next_dist_1ybzpk2._.js:2494
[  858768ms] [LOG] [Fast Refresh] rebuilding @ http://localhost:3001/_next/static/chunks/node_modules_next_dist_1ybzpk2._.js:2494
[  858768ms] [LOG] [Fast Refresh] done in 101ms @ http://localhost:3001/_next/static/chunks/node_modules_next_dist_1ybzpk2._.js:2494
[  859024ms] [LOG] [Fast Refresh] rebuilding @ http://localhost:3001/_next/static/chunks/node_modules_next_dist_1ybzpk2._.js:2494
[  859133ms] [LOG] [Fast Refresh] done in 209ms @ http://localhost:3001/_next/static/chunks/node_modules_next_dist_1ybzpk2._.js:2494
[  859565ms] [LOG] [Fast Refresh] rebuilding @ http://localhost:3001/_next/static/chunks/node_modules_next_dist_1ybzpk2._.js:2494
[  859784ms] [LOG] [Fast Refresh] done in 319ms @ http://localhost:3001/_next/static/chunks/node_modules_next_dist_1ybzpk2._.js:2494
[  860286ms] [LOG] [Fast Refresh] rebuilding @ http://localhost:3001/_next/static/chunks/node_modules_next_dist_1ybzpk2._.js:2494
[  860477ms] [LOG] [Fast Refresh] done in 291ms @ http://localhost:3001/_next/static/chunks/node_modules_next_dist_1ybzpk2._.js:2494
[  860975ms] [LOG] [Fast Refresh] rebuilding @ http://localhost:3001/_next/static/chunks/node_modules_next_dist_1ybzpk2._.js:2494
[  861062ms] [LOG] [Fast Refresh] done in 187ms @ http://localhost:3001/_next/static/chunks/node_modules_next_dist_1ybzpk2._.js:2494
[  861571ms] [LOG] [Fast Refresh] rebuilding @ http://localhost:3001/_next/static/chunks/node_modules_next_dist_1ybzpk2._.js:2494
[  861743ms] [LOG] [Fast Refresh] done in 272ms @ http://localhost:3001/_next/static/chunks/node_modules_next_dist_1ybzpk2._.js:2494
[  862257ms] [LOG] [Fast Refresh] rebuilding @ http://localhost:3001/_next/static/chunks/node_modules_next_dist_1ybzpk2._.js:2494
[  862427ms] [LOG] [Fast Refresh] done in 270ms @ http://localhost:3001/_next/static/chunks/node_modules_next_dist_1ybzpk2._.js:2494
[  862938ms] [LOG] [Fast Refresh] rebuilding @ http://localhost:3001/_next/static/chunks/node_modules_next_dist_1ybzpk2._.js:2494
[  863033ms] [LOG] [Fast Refresh] done in 195ms @ http://localhost:3001/_next/static/chunks/node_modules_next_dist_1ybzpk2._.js:2494
[  863537ms] [LOG] [Fast Refresh] rebuilding @ http://localhost:3001/_next/static/chunks/node_modules_next_dist_1ybzpk2._.js:2494
[  863710ms] [LOG] [Fast Refresh] done in 273ms @ http://localhost:3001/_next/static/chunks/node_modules_next_dist_1ybzpk2._.js:2494
[  864092ms] [LOG] [Fast Refresh] rebuilding @ http://localhost:3001/_next/static/chunks/node_modules_next_dist_1ybzpk2._.js:2494
[  864145ms] [LOG] [Fast Refresh] done in 153ms @ http://localhost:3001/_next/static/chunks/node_modules_next_dist_1ybzpk2._.js:2494
[  864246ms] [LOG] [Fast Refresh] rebuilding @ http://localhost:3001/_next/static/chunks/node_modules_next_dist_1ybzpk2._.js:2494
[  864400ms] [LOG] [Fast Refresh] done in 255ms @ http://localhost:3001/_next/static/chunks/node_modules_next_dist_1ybzpk2._.js:2494
[  864522ms] [LOG] [Fast Refresh] rebuilding @ http://localhost:3001/_next/static/chunks/node_modules_next_dist_1ybzpk2._.js:2494
[  864542ms] [LOG] [Fast Refresh] done in 119ms @ http://localhost:3001/_next/static/chunks/node_modules_next_dist_1ybzpk2._.js:2494
[  864955ms] [LOG] [Fast Refresh] rebuilding @ http://localhost:3001/_next/static/chunks/node_modules_next_dist_1ybzpk2._.js:2494
[  865413ms] [LOG] [Fast Refresh] done in 559ms @ http://localhost:3001/_next/static/chunks/node_modules_next_dist_1ybzpk2._.js:2494
[  865528ms] [LOG] [Fast Refresh] rebuilding @ http://localhost:3001/_next/static/chunks/node_modules_next_dist_1ybzpk2._.js:2494
[  865652ms] [LOG] [Fast Refresh] done in 224ms @ http://localhost:3001/_next/static/chunks/node_modules_next_dist_1ybzpk2._.js:2494
[  866149ms] [LOG] [Fast Refresh] rebuilding @ http://localhost:3001/_next/static/chunks/node_modules_next_dist_1ybzpk2._.js:2494
[  866276ms] [LOG] [Fast Refresh] done in 227ms @ http://localhost:3001/_next/static/chunks/node_modules_next_dist_1ybzpk2._.js:2494
[  866497ms] [LOG] [Fast Refresh] rebuilding @ http://localhost:3001/_next/static/chunks/node_modules_next_dist_1ybzpk2._.js:2494
[  866616ms] [LOG] [Fast Refresh] done in 220ms @ http://localhost:3001/_next/static/chunks/node_modules_next_dist_1ybzpk2._.js:2494
[  866739ms] [LOG] [Fast Refresh] rebuilding @ http://localhost:3001/_next/static/chunks/node_modules_next_dist_1ybzpk2._.js:2494
[  866880ms] [LOG] [Fast Refresh] done in 241ms @ http://localhost:3001/_next/static/chunks/node_modules_next_dist_1ybzpk2._.js:2494
[  866992ms] [LOG] [Fast Refresh] rebuilding @ http://localhost:3001/_next/static/chunks/node_modules_next_dist_1ybzpk2._.js:2494
[  867026ms] [LOG] [Fast Refresh] done in 134ms @ http://localhost:3001/_next/static/chunks/node_modules_next_dist_1ybzpk2._.js:2494
[  867387ms] [LOG] [Fast Refresh] rebuilding @ http://localhost:3001/_next/static/chunks/node_modules_next_dist_1ybzpk2._.js:2494
[  867471ms] [LOG] [Fast Refresh] done in 184ms @ http://localhost:3001/_next/static/chunks/node_modules_next_dist_1ybzpk2._.js:2494
[  867697ms] [LOG] [Fast Refresh] rebuilding @ http://localhost:3001/_next/static/chunks/node_modules_next_dist_1ybzpk2._.js:2494
[  867747ms] [LOG] [Fast Refresh] done in 151ms @ http://localhost:3001/_next/static/chunks/node_modules_next_dist_1ybzpk2._.js:2494
[  867952ms] [LOG] [Fast Refresh] rebuilding @ http://localhost:3001/_next/static/chunks/node_modules_next_dist_1ybzpk2._.js:2494
[  868055ms] [LOG] [Fast Refresh] done in 202ms @ http://localhost:3001/_next/static/chunks/node_modules_next_dist_1ybzpk2._.js:2494
[  868158ms] [LOG] [Fast Refresh] rebuilding @ http://localhost:3001/_next/static/chunks/node_modules_next_dist_1ybzpk2._.js:2494
[  868181ms] [LOG] [Fast Refresh] done in 122ms @ http://localhost:3001/_next/static/chunks/node_modules_next_dist_1ybzpk2._.js:2494
[  868571ms] [LOG] [Fast Refresh] rebuilding @ http://localhost:3001/_next/static/chunks/node_modules_next_dist_1ybzpk2._.js:2494
[  868696ms] [LOG] [Fast Refresh] done in 226ms @ http://localhost:3001/_next/static/chunks/node_modules_next_dist_1ybzpk2._.js:2494
[  868914ms] [LOG] [Fast Refresh] rebuilding @ http://localhost:3001/_next/static/chunks/node_modules_next_dist_1ybzpk2._.js:2494
[  868930ms] [LOG] [Fast Refresh] done in 118ms @ http://localhost:3001/_next/static/chunks/node_modules_next_dist_1ybzpk2._.js:2494
[  869252ms] [LOG] [Fast Refresh] rebuilding @ http://localhost:3001/_next/static/chunks/node_modules_next_dist_1ybzpk2._.js:2494
[  869384ms] [LOG] [Fast Refresh] done in 233ms @ http://localhost:3001/_next/static/chunks/node_modules_next_dist_1ybzpk2._.js:2494
[  869447ms] [LOG] [Fast Refresh] rebuilding @ http://localhost:3001/_next/static/chunks/node_modules_next_dist_1ybzpk2._.js:2494
[  869451ms] [LOG] [Fast Refresh] done in 65ms @ http://localhost:3001/_next/static/chunks/node_modules_next_dist_1ybzpk2._.js:2494
[  869888ms] [LOG] [Fast Refresh] rebuilding @ http://localhost:3001/_next/static/chunks/node_modules_next_dist_1ybzpk2._.js:2494
[  870038ms] [LOG] [Fast Refresh] done in 250ms @ http://localhost:3001/_next/static/chunks/node_modules_next_dist_1ybzpk2._.js:2494
[  871191ms] [LOG] [Fast Refresh] rebuilding @ http://localhost:3001/_next/static/chunks/node_modules_next_dist_1ybzpk2._.js:2494
[  871250ms] [LOG] [Fast Refresh] done in 159ms @ http://localhost:3001/_next/static/chunks/node_modules_next_dist_1ybzpk2._.js:2494
[  871776ms] [LOG] [Fast Refresh] rebuilding @ http://localhost:3001/_next/static/chunks/node_modules_next_dist_1ybzpk2._.js:2494
[  871838ms] [LOG] [Fast Refresh] done in 161ms @ http://localhost:3001/_next/static/chunks/node_modules_next_dist_1ybzpk2._.js:2494
[  872344ms] [LOG] [Fast Refresh] rebuilding @ http://localhost:3001/_next/static/chunks/node_modules_next_dist_1ybzpk2._.js:2494
[  872403ms] [LOG] [Fast Refresh] done in 159ms @ http://localhost:3001/_next/static/chunks/node_modules_next_dist_1ybzpk2._.js:2494
[  875295ms] [LOG] [Fast Refresh] rebuilding @ http://localhost:3001/_next/static/chunks/node_modules_next_dist_1ybzpk2._.js:2494
[  875360ms] [LOG] [Fast Refresh] done in 165ms @ http://localhost:3001/_next/static/chunks/node_modules_next_dist_1ybzpk2._.js:2494
[  876464ms] [LOG] [Fast Refresh] rebuilding @ http://localhost:3001/_next/static/chunks/node_modules_next_dist_1ybzpk2._.js:2494
[  876529ms] [LOG] [Fast Refresh] done in 164ms @ http://localhost:3001/_next/static/chunks/node_modules_next_dist_1ybzpk2._.js:2494
[  877196ms] [LOG] [Fast Refresh] rebuilding @ http://localhost:3001/_next/static/chunks/node_modules_next_dist_1ybzpk2._.js:2494
[  877260ms] [LOG] [Fast Refresh] done in 164ms @ http://localhost:3001/_next/static/chunks/node_modules_next_dist_1ybzpk2._.js:2494
[  877753ms] [LOG] [Fast Refresh] rebuilding @ http://localhost:3001/_next/static/chunks/node_modules_next_dist_1ybzpk2._.js:2494
[  877840ms] [LOG] [Fast Refresh] done in 186ms @ http://localhost:3001/_next/static/chunks/node_modules_next_dist_1ybzpk2._.js:2494
[  880372ms] [LOG] [Fast Refresh] rebuilding @ http://localhost:3001/_next/static/chunks/node_modules_next_dist_1ybzpk2._.js:2494
[  880442ms] [LOG] [Fast Refresh] done in 169ms @ http://localhost:3001/_next/static/chunks/node_modules_next_dist_1ybzpk2._.js:2494
[  880981ms] [LOG] [Fast Refresh] rebuilding @ http://localhost:3001/_next/static/chunks/node_modules_next_dist_1ybzpk2._.js:2494
[  881066ms] [LOG] [Fast Refresh] done in 185ms @ http://localhost:3001/_next/static/chunks/node_modules_next_dist_1ybzpk2._.js:2494
[  881596ms] [LOG] [Fast Refresh] rebuilding @ http://localhost:3001/_next/static/chunks/node_modules_next_dist_1ybzpk2._.js:2494
[  881658ms] [LOG] [Fast Refresh] done in 162ms @ http://localhost:3001/_next/static/chunks/node_modules_next_dist_1ybzpk2._.js:2494
[  882193ms] [LOG] [Fast Refresh] rebuilding @ http://localhost:3001/_next/static/chunks/node_modules_next_dist_1ybzpk2._.js:2494
[  882256ms] [LOG] [Fast Refresh] done in 164ms @ http://localhost:3001/_next/static/chunks/node_modules_next_dist_1ybzpk2._.js:2494
[  882829ms] [LOG] [Fast Refresh] rebuilding @ http://localhost:3001/_next/static/chunks/node_modules_next_dist_1ybzpk2._.js:2494
[  882896ms] [LOG] [Fast Refresh] done in 166ms @ http://localhost:3001/_next/static/chunks/node_modules_next_dist_1ybzpk2._.js:2494
[  883352ms] [LOG] [Fast Refresh] rebuilding @ http://localhost:3001/_next/static/chunks/node_modules_next_dist_1ybzpk2._.js:2494
[  883458ms] [LOG] [Fast Refresh] done in 205ms @ http://localhost:3001/_next/static/chunks/node_modules_next_dist_1ybzpk2._.js:2494
[  883672ms] [LOG] [Fast Refresh] rebuilding @ http://localhost:3001/_next/static/chunks/node_modules_next_dist_1ybzpk2._.js:2494
[  883746ms] [LOG] [Fast Refresh] done in 173ms @ http://localhost:3001/_next/static/chunks/node_modules_next_dist_1ybzpk2._.js:2494
[  884273ms] [LOG] [Fast Refresh] rebuilding @ http://localhost:3001/_next/static/chunks/node_modules_next_dist_1ybzpk2._.js:2494
[  884343ms] [LOG] [Fast Refresh] done in 171ms @ http://localhost:3001/_next/static/chunks/node_modules_next_dist_1ybzpk2._.js:2494
[  884875ms] [LOG] [Fast Refresh] rebuilding @ http://localhost:3001/_next/static/chunks/node_modules_next_dist_1ybzpk2._.js:2494
[  884941ms] [LOG] [Fast Refresh] done in 166ms @ http://localhost:3001/_next/static/chunks/node_modules_next_dist_1ybzpk2._.js:2494
[  885457ms] [LOG] [Fast Refresh] rebuilding @ http://localhost:3001/_next/static/chunks/node_modules_next_dist_1ybzpk2._.js:2494
[  885523ms] [LOG] [Fast Refresh] done in 166ms @ http://localhost:3001/_next/static/chunks/node_modules_next_dist_1ybzpk2._.js:2494
[  886023ms] [LOG] [Fast Refresh] rebuilding @ http://localhost:3001/_next/static/chunks/node_modules_next_dist_1ybzpk2._.js:2494
[  886110ms] [LOG] [Fast Refresh] done in 188ms @ http://localhost:3001/_next/static/chunks/node_modules_next_dist_1ybzpk2._.js:2494
[  888655ms] [LOG] [Fast Refresh] rebuilding @ http://localhost:3001/_next/static/chunks/node_modules_next_dist_1ybzpk2._.js:2494
[  888724ms] [LOG] [Fast Refresh] done in 169ms @ http://localhost:3001/_next/static/chunks/node_modules_next_dist_1ybzpk2._.js:2494
[  890533ms] [LOG] [Fast Refresh] rebuilding @ http://localhost:3001/_next/static/chunks/node_modules_next_dist_1ybzpk2._.js:2494
[  890616ms] [LOG] [Fast Refresh] done in 182ms @ http://localhost:3001/_next/static/chunks/node_modules_next_dist_1ybzpk2._.js:2494
[  891206ms] [LOG] [Fast Refresh] rebuilding @ http://localhost:3001/_next/static/chunks/node_modules_next_dist_1ybzpk2._.js:2494
[  891274ms] [LOG] [Fast Refresh] done in 169ms @ http://localhost:3001/_next/static/chunks/node_modules_next_dist_1ybzpk2._.js:2494
[  891793ms] [LOG] [Fast Refresh] rebuilding @ http://localhost:3001/_next/static/chunks/node_modules_next_dist_1ybzpk2._.js:2494
[  891897ms] [LOG] [Fast Refresh] done in 204ms @ http://localhost:3001/_next/static/chunks/node_modules_next_dist_1ybzpk2._.js:2494
[  892493ms] [LOG] [Fast Refresh] rebuilding @ http://localhost:3001/_next/static/chunks/node_modules_next_dist_1ybzpk2._.js:2494
[  892557ms] [LOG] [Fast Refresh] done in 165ms @ http://localhost:3001/_next/static/chunks/node_modules_next_dist_1ybzpk2._.js:2494
[  893726ms] [LOG] [Fast Refresh] rebuilding @ http://localhost:3001/_next/static/chunks/node_modules_next_dist_1ybzpk2._.js:2494
[  893797ms] [LOG] [Fast Refresh] done in 171ms @ http://localhost:3001/_next/static/chunks/node_modules_next_dist_1ybzpk2._.js:2494
[  894977ms] [LOG] [Fast Refresh] rebuilding @ http://localhost:3001/_next/static/chunks/node_modules_next_dist_1ybzpk2._.js:2494
[  895621ms] [LOG] [Fast Refresh] done in 745ms @ http://localhost:3001/_next/static/chunks/node_modules_next_dist_1ybzpk2._.js:2494
[  895771ms] [LOG] [Fast Refresh] rebuilding @ http://localhost:3001/_next/static/chunks/node_modules_next_dist_1ybzpk2._.js:2494
[  895839ms] [LOG] [Fast Refresh] done in 168ms @ http://localhost:3001/_next/static/chunks/node_modules_next_dist_1ybzpk2._.js:2494
[  896428ms] [LOG] [Fast Refresh] rebuilding @ http://localhost:3001/_next/static/chunks/node_modules_next_dist_1ybzpk2._.js:2494
[  896495ms] [LOG] [Fast Refresh] done in 168ms @ http://localhost:3001/_next/static/chunks/node_modules_next_dist_1ybzpk2._.js:2494
[  897123ms] [LOG] [Fast Refresh] rebuilding @ http://localhost:3001/_next/static/chunks/node_modules_next_dist_1ybzpk2._.js:2494
[  897189ms] [LOG] [Fast Refresh] done in 165ms @ http://localhost:3001/_next/static/chunks/node_modules_next_dist_1ybzpk2._.js:2494
[  897810ms] [LOG] [Fast Refresh] rebuilding @ http://localhost:3001/_next/static/chunks/node_modules_next_dist_1ybzpk2._.js:2494
[  897882ms] [LOG] [Fast Refresh] done in 172ms @ http://localhost:3001/_next/static/chunks/node_modules_next_dist_1ybzpk2._.js:2494
[  898423ms] [LOG] [Fast Refresh] rebuilding @ http://localhost:3001/_next/static/chunks/node_modules_next_dist_1ybzpk2._.js:2494
[  898489ms] [LOG] [Fast Refresh] done in 165ms @ http://localhost:3001/_next/static/chunks/node_modules_next_dist_1ybzpk2._.js:2494
[  899148ms] [LOG] [Fast Refresh] rebuilding @ http://localhost:3001/_next/static/chunks/node_modules_next_dist_1ybzpk2._.js:2494
[  899220ms] [LOG] [Fast Refresh] done in 172ms @ http://localhost:3001/_next/static/chunks/node_modules_next_dist_1ybzpk2._.js:2494
[  900427ms] [LOG] [Fast Refresh] rebuilding @ http://localhost:3001/_next/static/chunks/node_modules_next_dist_1ybzpk2._.js:2494
[  900505ms] [LOG] [Fast Refresh] done in 178ms @ http://localhost:3001/_next/static/chunks/node_modules_next_dist_1ybzpk2._.js:2494
[  901124ms] [LOG] [Fast Refresh] rebuilding @ http://localhost:3001/_next/static/chunks/node_modules_next_dist_1ybzpk2._.js:2494
[  901193ms] [LOG] [Fast Refresh] done in 169ms @ http://localhost:3001/_next/static/chunks/node_modules_next_dist_1ybzpk2._.js:2494
[  901823ms] [LOG] [Fast Refresh] rebuilding @ http://localhost:3001/_next/static/chunks/node_modules_next_dist_1ybzpk2._.js:2494
[  901888ms] [LOG] [Fast Refresh] done in 164ms @ http://localhost:3001/_next/static/chunks/node_modules_next_dist_1ybzpk2._.js:2494
[  902450ms] [LOG] [Fast Refresh] rebuilding @ http://localhost:3001/_next/static/chunks/node_modules_next_dist_1ybzpk2._.js:2494
[  902522ms] [LOG] [Fast Refresh] done in 172ms @ http://localhost:3001/_next/static/chunks/node_modules_next_dist_1ybzpk2._.js:2494
[  903100ms] [LOG] [Fast Refresh] rebuilding @ http://localhost:3001/_next/static/chunks/node_modules_next_dist_1ybzpk2._.js:2494
[  903173ms] [LOG] [Fast Refresh] done in 173ms @ http://localhost:3001/_next/static/chunks/node_modules_next_dist_1ybzpk2._.js:2494
[  904416ms] [LOG] [Fast Refresh] rebuilding @ http://localhost:3001/_next/static/chunks/node_modules_next_dist_1ybzpk2._.js:2494
[  904483ms] [LOG] [Fast Refresh] done in 168ms @ http://localhost:3001/_next/static/chunks/node_modules_next_dist_1ybzpk2._.js:2494
[  906325ms] [LOG] [Fast Refresh] rebuilding @ http://localhost:3001/_next/static/chunks/node_modules_next_dist_1ybzpk2._.js:2494
[  906389ms] [LOG] [Fast Refresh] done in 164ms @ http://localhost:3001/_next/static/chunks/node_modules_next_dist_1ybzpk2._.js:2494
[  977980ms] [LOG] [Fast Refresh] rebuilding @ http://localhost:3001/_next/static/chunks/node_modules_next_dist_1ybzpk2._.js:2494
[  978071ms] [LOG] [Fast Refresh] done in 190ms @ http://localhost:3001/_next/static/chunks/node_modules_next_dist_1ybzpk2._.js:2494
[  979205ms] [LOG] [Fast Refresh] rebuilding @ http://localhost:3001/_next/static/chunks/node_modules_next_dist_1ybzpk2._.js:2494
[  979697ms] [LOG] [Fast Refresh] done in 592ms @ http://localhost:3001/_next/static/chunks/node_modules_next_dist_1ybzpk2._.js:2494
[  981804ms] [LOG] [Fast Refresh] rebuilding @ http://localhost:3001/_next/static/chunks/node_modules_next_dist_1ybzpk2._.js:2494
[  981882ms] [LOG] [Fast Refresh] done in 177ms @ http://localhost:3001/_next/static/chunks/node_modules_next_dist_1ybzpk2._.js:2494
[ 1362574ms] [LOG] [Fast Refresh] rebuilding @ http://localhost:3001/_next/static/chunks/node_modules_next_dist_1ybzpk2._.js:2494
[ 1362640ms] [LOG] [Fast Refresh] done in 167ms @ http://localhost:3001/_next/static/chunks/node_modules_next_dist_1ybzpk2._.js:2494
[ 1947682ms] [LOG] [Fast Refresh] rebuilding @ http://localhost:3001/_next/static/chunks/node_modules_next_dist_1ybzpk2._.js:2494
[ 1947774ms] [LOG] [Fast Refresh] done in 193ms @ http://localhost:3001/_next/static/chunks/node_modules_next_dist_1ybzpk2._.js:2494
[ 2324934ms] [LOG] [Fast Refresh] rebuilding @ http://localhost:3001/_next/static/chunks/node_modules_next_dist_1ybzpk2._.js:2494
[ 2325007ms] [LOG] [Fast Refresh] done in 173ms @ http://localhost:3001/_next/static/chunks/node_modules_next_dist_1ybzpk2._.js:2494
[ 2330195ms] [LOG] [Fast Refresh] rebuilding @ http://localhost:3001/_next/static/chunks/node_modules_next_dist_1ybzpk2._.js:2494
[ 2330697ms] [LOG] [Fast Refresh] done in 602ms @ http://localhost:3001/_next/static/chunks/node_modules_next_dist_1ybzpk2._.js:2494
[ 2347461ms] [LOG] [Fast Refresh] rebuilding @ http://localhost:3001/_next/static/chunks/node_modules_next_dist_1ybzpk2._.js:2494
[ 2347545ms] [LOG] [Fast Refresh] done in 185ms @ http://localhost:3001/_next/static/chunks/node_modules_next_dist_1ybzpk2._.js:2494
[ 2348568ms] [LOG] [Fast Refresh] rebuilding @ http://localhost:3001/_next/static/chunks/node_modules_next_dist_1ybzpk2._.js:2494
[ 2348624ms] [LOG] [Fast Refresh] done in 156ms @ http://localhost:3001/_next/static/chunks/node_modules_next_dist_1ybzpk2._.js:2494
[ 2349169ms] [LOG] [Fast Refresh] rebuilding @ http://localhost:3001/_next/static/chunks/node_modules_next_dist_1ybzpk2._.js:2494
[ 2349239ms] [LOG] [Fast Refresh] done in 170ms @ http://localhost:3001/_next/static/chunks/node_modules_next_dist_1ybzpk2._.js:2494
[ 2357978ms] [LOG] [Fast Refresh] rebuilding @ http://localhost:3001/_next/static/chunks/node_modules_next_dist_1ybzpk2._.js:2494
[ 2358432ms] [LOG] [Fast Refresh] done in 553ms @ http://localhost:3001/_next/static/chunks/node_modules_next_dist_1ybzpk2._.js:2494
[ 2367250ms] [LOG] [Fast Refresh] rebuilding @ http://localhost:3001/_next/static/chunks/node_modules_next_dist_1ybzpk2._.js:2494
[ 2367328ms] [LOG] [Fast Refresh] done in 178ms @ http://localhost:3001/_next/static/chunks/node_modules_next_dist_1ybzpk2._.js:2494
